Name,Num1,ID1,Atom1,Type1,Func1,Num2,ID2,Atom2,Type2,Func2,WCcount,CCcount,SOcount,HBcount,BOcount,Score
3-SC_9-SC,3,PRO,CA,SC,3,9,GLN,HB3,SC,9,79,72,0,0,0,3.759
3-MC_9-SC,3,PRO,C,MC,3,9,GLN,OE1,SC,9,54,4,0,0,0,0.6303
3-MC_51-SC,3,PRO,C,MC,3,51,CYS,SG,SC,51,15,0,0,0,0,0.098
3-SC_9-MC,3,PRO,HB2,SC,3,9,GLN,O,MC,9,26,1,0,0,0,0.285
3-SC_10-SC,3,PRO,HG2,SC,3,10,GLN,NE2,SC,10,32,12,0,0,0,0.7253
3-SC_51-SC,3,PRO,HG2,SC,3,51,CYS,SG,SC,51,33,15,0,0,0,0.8272
4-SC_47-SC,4,CYS,CA,SC,4,47,VAL,HG21,SC,47,11,25,22,0,0,0.6862
4-MC_47-SC,4,CYS,C,MC,4,47,VAL,HG21,SC,47,56,23,0,0,0,1.4687
4-SC_51-SC,4,CYS,HB3,SC,4,51,CYS,HB2,SC,51,5,0,0,0,0,0.0082
5-SC_9-SC,5,ASP,CA,SC,5,9,GLN,OE1,SC,9,26,9,0,0,0,0.4974
5-SC_6-SC,5,ASP,HB2,SC,5,6,TYR,CD2,SC,6,12,0,0,0,0,0.0343
6-SC_47-SC,6,TYR,CA,SC,6,47,VAL,CG2,SC,47,13,0,0,0,0,0.0971
6-MC_47-SC,6,TYR,C,MC,6,47,VAL,CG2,SC,47,52,63,1,0,0,3.4884
6-SC_38-SC,6,TYR,CG,SC,6,38,THR,HA,SC,38,112,71,5,0,0,3.9567
6-SC_38-MC,6,TYR,CD1,SC,6,38,THR,C,MC,38,56,52,0,0,0,2.4406
6-SC_9-SC,6,TYR,HB2,SC,6,9,GLN,HG3,SC,9,10,32,2,0,0,1.5811
7-SC_54-SC,7,PRO,CA,SC,7,54,VAL,HG22,SC,54,86,129,16,0,0,6.7854
7-MC_8-MC,7,PRO,C,MC,7,9,GLN,H,MC,8,13,38,16,0,0,1.6465
7-MC_9-MC,7,PRO,C,MC,7,10,GLN,H,MC,9,3,9,0,40,0,1.3927
7-SC_13-SC,7,PRO,CB,SC,7,13,LEU,HD11,SC,13,26,0,0,0,0,0.2282
7-SC_45-SC,7,PRO,CB,SC,7,45,PHE,CE1,SC,45,49,116,32,0,0,5.1661
7-SC_46-SC,7,PRO,CG,SC,7,46,GLN,CA,SC,46,34,24,0,0,0,1.1046
7-SC_40-SC,7,PRO,CD,SC,7,40,ALA,HB2,SC,40,33,2,0,0,0,0.3718
7-SC_47-SC,7,PRO,CD,SC,7,47,VAL,HG23,SC,47,30,2,0,0,0,0.3012
7-SC_46-MC,7,PRO,HG3,SC,7,46,GLN,C,MC,46,19,34,1,0,0,1.7966
8-SC_13-SC,8,ALA,CA,SC,8,13,LEU,HD12,SC,13,53,86,0,0,0,3.8577
8-MC_9-MC,8,ALA,C,MC,8,10,GLN,N,MC,9,13,0,0,0,0,0.1137
8-MC_11-MC,8,ALA,C,MC,8,11,LEU,O,MC,11,32,2,0,0,0,0.3169
8-SC_37-SC,8,ALA,CB,SC,8,37,ASP,HA,SC,37,33,37,7,0,0,1.9305
8-SC_37-MC,8,ALA,CB,SC,8,37,ASP,O,MC,37,15,30,10,0,0,1.6148
8-SC_11-MC,8,ALA,HA,SC,8,11,LEU,O,MC,11,16,0,0,0,0,0.079
10-SC_54-SC,10,GLN,CB,SC,10,54,VAL,HG23,SC,54,42,6,0,0,0,0.6092
10-SC_47-SC,10,GLN,CG,SC,10,47,VAL,HG13,SC,47,52,33,2,0,0,1.8736
7-MC_10-SC,7,PRO,O,MC,7,10,GLN,HB2,SC,10,20,18,0,0,0,0.9562
10-SC_53-SC,10,GLN,HB3,SC,10,53,GLY,HA2,SC,53,8,0,0,0,0,0.0214
3-MC_10-SC,3,PRO,O,MC,3,10,GLN,HG2,SC,10,16,0,0,46,0,1.2791
10-SC_53-MC,10,GLN,HG3,SC,10,53,GLY,O,MC,53,18,0,0,0,0,0.0926
11-MC_12-MC,11,LEU,C,MC,11,13,LEU,N,MC,12,37,13,0,0,0,0.8175
11-SC_54-SC,11,LEU,CD1,SC,11,54,VAL,CG2,SC,54,71,40,0,0,0,2.3742
11-SC_216-SC,11,LEU,CD1,SC,11,216,LEU,CD2,SC,216,99,61,0,0,0,3.4381
11-SC_218-SC,11,LEU,CD2,SC,11,218,LYS,CA,SC,218,7,0,0,0,0,0.0096
11-SC_13-SC,11,LEU,HB2,SC,11,13,LEU,CD2,SC,13,36,5,0,0,0,0.4662
11-SC_217-MC,11,LEU,HD21,SC,11,217,TYR,C,MC,217,33,12,0,0,0,0.7213
11-SC_219-SC,11,LEU,HD22,SC,11,219,LEU,CB,SC,219,20,0,0,0,0,0.0842
11-SC_218-MC,11,LEU,HD22,SC,11,219,LEU,N,MC,218,21,0,0,0,0,0.1396
12-MC_13-MC,12,ASP,C,MC,12,14,THR,H,MC,13,9,11,0,0,0,0.5673
13-SC_16-SC,13,LEU,CA,SC,13,16,TRP,HD1,SC,16,8,39,19,0,0,1.6397
13-MC_14-MC,13,LEU,C,MC,13,15,ASP,N,MC,14,13,23,16,0,0,0.7189
13-MC_16-SC,13,LEU,C,MC,13,16,TRP,HD1,SC,16,21,0,0,0,0,0.0961
13-MC_33-SC,13,LEU,C,MC,13,33,GLN,NE2,SC,33,14,9,0,39,0,1.3112
7-MC_13-SC,8,ALA,N,MC,7,13,LEU,CD1,SC,13,18,0,0,0,0,0.1385
13-SC_45-SC,13,LEU,CD1,SC,13,45,PHE,HZ,SC,45,31,0,0,0,0,0.2646
13-SC_75-SC,13,LEU,CD2,SC,13,75,LEU,CD1,SC,75,70,8,0,0,0,0.7848
13-SC_36-SC,13,LEU,HB3,SC,13,36,LEU,CD2,SC,36,13,0,0,0,0,0.0382
11-MC_13-SC,11,LEU,O,MC,11,13,LEU,HG,SC,13,26,6,0,0,0,0.4629
14-MC_15-MC,14,THR,C,MC,14,16,TRP,H,MC,15,26,15,0,0,0,0.8241
12-SC_14-SC,12,ASP,OD1,SC,12,14,THR,CB,SC,14,17,11,0,64,0,2.6256
14-SC_81-SC,14,THR,CG2,SC,14,81,GLY,HA2,SC,81,18,47,1,0,0,2.3686
14-SC_33-SC,14,THR,HA,SC,14,33,GLN,NE2,SC,33,22,0,0,0,0,0.1441
15-SC_78-SC,15,ASP,CA,SC,15,78,MET,HB2,SC,78,10,0,0,0,0,0.0293
15-MC_78-SC,15,ASP,C,MC,15,78,MET,HB2,SC,78,30,41,2,0,0,2.1937
15-SC_79-SC,15,ASP,CG,SC,15,79,THR,HA,SC,79,35,18,0,0,0,1.1124
15-SC_82-SC,15,ASP,HA,SC,15,82,GLY,CA,SC,82,26,22,0,0,0,1.0049
15-SC_81-MC,15,ASP,HA,SC,15,82,GLY,N,MC,81,14,35,0,21,0,2.125
16-SC_78-SC,16,TRP,CA,SC,16,78,MET,CG,SC,78,36,16,0,0,0,0.9631
16-MC_78-SC,16,TRP,C,MC,16,78,MET,CG,SC,78,69,0,0,0,0,0.6444
12-MC_16-SC,12,ASP,O,MC,12,16,TRP,CD1,SC,16,8,0,0,0,0,0.018
16-SC_219-SC,16,TRP,CD2,SC,16,219,LEU,HD21,SC,219,99,60,39,0,0,2.4704
16-SC_75-SC,16,TRP,CE3,SC,16,75,LEU,CB,SC,75,46,37,16,0,0,1.7808
16-SC_76-MC,16,TRP,CE3,SC,16,76,ARG,C,MC,76,59,91,0,0,0,4.497
16-SC_221-SC,16,TRP,CZ2,SC,16,221,VAL,CG2,SC,221,42,72,1,0,0,3.8679
16-SC_77-SC,16,TRP,CZ3,SC,16,77,GLU,CA,SC,77,45,50,24,0,0,1.9804
16-SC_77-MC,16,TRP,HA,SC,16,78,MET,H,MC,77,10,0,0,0,0,0.0191
17-SC_31-MC,17,LYS,CA,SC,17,31,ILE,O,MC,31,38,0,0,0,0,0.2054
17-SC_32-SC,17,LYS,CB,SC,17,32,GLU,HA,SC,32,56,20,0,0,0,1.1666
17-SC_76-SC,17,LYS,CG,SC,17,76,ARG,HB3,SC,76,52,76,20,0,0,3.6175
17-SC_78-SC,17,LYS,CG,SC,17,78,MET,SD,SC,78,105,28,0,0,0,1.8761
17-SC_30-SC,17,LYS,CE,SC,17,30,GLU,OE1,SC,30,6,1,0,47,0,1.2328
17-SC_36-SC,17,LYS,HA,SC,17,36,LEU,CD2,SC,36,5,37,11,0,0,1.5331
17-SC_76-MC,17,LYS,HG2,SC,17,76,ARG,O,MC,76,11,0,0,0,0,0.0423
18-SC_75-SC,18,VAL,CB,SC,18,75,LEU,HD23,SC,75,73,39,0,0,0,2.2301
18-SC_31-SC,18,VAL,CG1,SC,18,31,ILE,HB,SC,31,11,39,14,0,0,1.8052
18-SC_36-SC,18,VAL,CG1,SC,18,36,LEU,HD13,SC,36,28,27,0,0,0,1.5516
18-SC_74-MC,18,VAL,HA,SC,18,74,GLU,O,MC,74,38,13,0,0,0,0.7545
18-SC_31-MC,18,VAL,HG12,SC,18,31,ILE,O,MC,31,23,4,0,0,0,0.3829
18-SC_45-SC,18,VAL,HG21,SC,18,45,PHE,CD1,SC,45,39,17,0,0,0,0.9408
18-SC_19-MC,18,VAL,HG22,SC,18,19,THR,C,MC,19,32,0,0,0,0,0.24
18-SC_20-SC,18,VAL,HG22,SC,18,20,LEU,HD23,SC,20,3,0,0,0,0,0.0047
19-SC_30-SC,19,THR,CB,SC,19,30,GLU,HG2,SC,30,62,61,16,64,0,5.0913
19-SC_72-SC,19,THR,CB,SC,19,72,ARG,HD2,SC,72,37,8,0,0,0,0.5297
19-SC_28-SC,19,THR,CG2,SC,19,28,PRO,HB2,SC,28,20,0,0,0,0,0.089
19-SC_29-MC,19,THR,HA,SC,19,29,SER,O,MC,29,24,2,0,0,0,0.3243
20-SC_72-MC,20,LEU,CA,SC,20,72,ARG,O,MC,72,18,0,0,0,0,0.0844
20-MC_72-MC,20,LEU,C,MC,20,72,ARG,O,MC,72,14,55,9,0,0,2.6429
20-SC_21-MC,20,LEU,CB,SC,20,22,ILE,H,MC,21,7,0,0,0,0,0.0163
20-SC_22-SC,20,LEU,CB,SC,20,22,ILE,HG12,SC,22,45,28,0,0,0,1.6259
20-SC_29-MC,20,LEU,CB,SC,20,29,SER,O,MC,29,18,0,0,0,0,0.0638
20-SC_39-SC,20,LEU,CD1,SC,20,39,PHE,CZ,SC,39,36,57,2,0,0,3.101
20-SC_45-SC,20,LEU,CD2,SC,20,45,PHE,CB,SC,45,41,0,0,0,0,0.3124
20-SC_73-SC,20,LEU,HA,SC,20,73,SER,HA,SC,73,16,26,0,0,0,1.4081
20-SC_29-SC,20,LEU,HB2,SC,20,29,SER,HB2,SC,29,31,17,0,0,0,0.9071
20-SC_41-SC,20,LEU,HD13,SC,20,41,THR,HG21,SC,41,42,16,0,0,0,0.913
21-SC_72-MC,21,PRO,CA,SC,21,72,ARG,O,MC,72,40,41,0,0,0,2.2323
21-MC_63-SC,21,PRO,C,MC,21,63,VAL,HB,SC,63,35,0,0,0,0,0.2591
21-SC_58-SC,21,PRO,CB,SC,21,58,ALA,HA,SC,58,33,8,0,0,0,0.5292
21-SC_44-SC,21,PRO,CG,SC,21,44,TRP,CG,SC,44,96,32,0,0,0,1.9764
21-SC_62-SC,21,PRO,HB2,SC,21,62,GLY,HA3,SC,62,8,0,0,0,0,0.0307
21-SC_57-MC,21,PRO,HG3,SC,21,57,ARG,O,MC,57,13,33,4,0,0,1.7209
21-SC_73-SC,21,PRO,HD3,SC,21,73,SER,CA,SC,73,33,46,6,0,0,2.2753
22-SC_63-SC,22,ILE,CA,SC,22,63,VAL,CG2,SC,63,40,12,0,0,0,0.747
22-MC_63-SC,22,ILE,C,MC,22,63,VAL,CG2,SC,63,31,38,0,0,0,2.0148
22-SC_44-SC,22,ILE,CG2,SC,22,44,TRP,CD1,SC,44,74,52,0,0,0,2.6483
23-SC_29-SC,23,GLY,CA,SC,23,29,SER,OG,SC,29,51,1,0,0,0,0.5733
23-MC_24-MC,23,GLY,C,MC,23,24,SER,O,MC,24,22,13,0,0,0,0.6389
23-MC_63-SC,23,GLY,C,MC,23,63,VAL,HG21,SC,63,11,34,6,0,0,1.6746
23-SC_27-MC,23,GLY,HA3,SC,23,27,LYS,O,MC,27,22,0,0,0,0,0.1309
24-MC_25-MC,24,SER,C,MC,24,25,SER,O,MC,25,11,22,19,0,0,0.5163
25-MC_26-MC,25,SER,C,MC,25,27,LYS,N,MC,26,22,43,1,0,0,2.1545
26-SC_64-MC,26,GLY,CA,SC,26,64,THR,O,MC,64,1,0,52,0,5,-3.7375
26-SC_66-MC,26,GLY,CA,SC,26,66,SER,C,MC,66,51,30,0,0,0,1.6147
26-SC_66-SC,26,GLY,CA,SC,26,66,SER,CA,SC,66,25,5,0,0,0,0.3876
26-SC_65-MC,26,GLY,CA,SC,26,66,SER,H,MC,65,32,12,0,0,0,0.6748
26-MC_64-MC,26,GLY,C,MC,26,64,THR,O,MC,64,5,0,0,0,0,0.0231
26-MC_65-MC,26,GLY,C,MC,26,66,SER,H,MC,65,2,1,0,55,0,1.5998
27-MC_63-SC,27,LYS,C,MC,27,63,VAL,HG11,SC,63,32,0,0,0,0,0.1172
24-SC_27-SC,24,SER,OG,SC,24,27,LYS,HB3,SC,27,34,16,0,0,0,0.8507
28-MC_29-MC,28,PRO,C,MC,28,29,SER,O,MC,29,19,12,0,0,0,0.672
28-SC_63-SC,28,PRO,CG,SC,28,63,VAL,HG12,SC,63,31,34,14,0,0,1.4917
28-SC_64-MC,28,PRO,CG,SC,28,64,THR,C,MC,64,60,0,0,0,0,0.246
28-SC_64-SC,28,PRO,CG,SC,28,64,THR,CA,SC,64,38,14,0,0,0,0.7791
28-SC_65-SC,28,PRO,CD,SC,28,65,THR,HA,SC,65,28,17,0,0,0,1.0107
22-MC_28-SC,22,ILE,O,MC,22,28,PRO,HA,SC,28,18,16,0,0,0,0.8166
28-SC_63-MC,28,PRO,HG3,SC,28,63,VAL,C,MC,63,41,11,0,0,0,0.7935
18-MC_30-SC,18,VAL,O,MC,18,30,GLU,CA,SC,30,13,15,40,0,0,-1.0018
28-MC_30-SC,28,PRO,O,MC,28,30,GLU,HG3,SC,30,2,0,0,0,0,0.0027
31-SC_36-SC,31,ILE,CG2,SC,31,36,LEU,HA,SC,36,66,48,0,0,0,2.4927
31-SC_35-MC,31,ILE,CG2,SC,31,36,LEU,N,MC,35,11,0,0,0,0,0.0467
31-SC_39-SC,31,ILE,HG13,SC,31,39,PHE,CD1,SC,39,68,128,38,0,0,5.4007
31-SC_32-MC,31,ILE,HG22,SC,31,32,GLU,O,MC,32,13,0,0,0,0,0.0396
32-MC_36-SC,32,GLU,C,MC,32,36,LEU,HB2,SC,36,39,7,0,0,0,0.5766
33-SC_34-MC,33,GLN,CA,SC,33,34,PRO,C,MC,34,15,15,0,0,0,0.7721
33-SC_36-SC,33,GLN,CD,SC,33,36,LEU,HB3,SC,36,76,41,0,0,0,2.2858
33-SC_35-MC,33,GLN,HA,SC,33,36,LEU,H,MC,35,19,5,0,0,0,0.3479
34-MC_35-MC,34,PRO,C,MC,34,36,LEU,H,MC,35,13,37,13,0,0,1.6569
35-MC_36-MC,35,ALA,C,MC,35,37,ASP,N,MC,36,15,39,14,0,0,1.875
32-MC_35-SC,32,GLU,O,MC,32,35,ALA,HB3,SC,35,22,0,0,0,0,0.1832
36-MC_37-MC,36,LEU,C,MC,36,38,THR,H,MC,37,18,45,9,0,0,2.1461
36-SC_45-SC,36,LEU,CD1,SC,36,45,PHE,CE2,SC,45,46,14,0,0,0,0.9282
16-MC_36-SC,16,TRP,O,MC,16,36,LEU,CD2,SC,36,34,0,0,0,0,0.2511
36-SC_39-SC,36,LEU,HA,SC,36,39,PHE,CB,SC,39,33,49,8,0,0,2.4527
31-MC_36-SC,31,ILE,O,MC,31,36,LEU,HD22,SC,36,2,0,0,0,0,0.0026
34-MC_37-SC,34,PRO,O,MC,34,37,ASP,CB,SC,37,33,19,0,0,0,0.9638
33-SC_37-SC,33,GLN,OE1,SC,33,37,ASP,HB2,SC,37,26,1,0,0,0,0.3014
35-MC_39-SC,35,ALA,O,MC,35,39,PHE,CB,SC,39,22,16,0,0,0,0.8358
39-SC_45-SC,39,PHE,CD2,SC,39,45,PHE,CD2,SC,45,82,21,0,0,0,1.5205
39-SC_41-SC,39,PHE,CE2,SC,39,41,THR,HG22,SC,41,83,32,0,0,0,2.0198
36-MC_39-SC,36,LEU,O,MC,36,39,PHE,HB3,SC,39,12,0,0,0,0,0.0418
40-SC_45-MC,40,ALA,HA,SC,40,45,PHE,O,MC,45,24,4,0,0,0,0.3648
6-SC_40-SC,6,TYR,HD1,SC,6,40,ALA,HB2,SC,40,19,0,0,0,0,0.1666
41-SC_45-SC,41,THR,CG2,SC,41,45,PHE,HB3,SC,45,11,34,13,0,0,1.5073
41-SC_44-SC,41,THR,HG23,SC,41,44,TRP,HB2,SC,44,22,12,0,0,0,0.6761
42-SC_46-SC,42,ALA,CA,SC,42,46,GLN,OE1,SC,46,37,55,2,0,0,3.0262
42-SC_43-MC,42,ALA,HA,SC,42,43,PRO,C,MC,43,4,0,0,0,0,0.032
43-MC_44-MC,43,PRO,C,MC,43,45,PHE,N,MC,44,21,7,0,0,0,0.4447
43-SC_57-SC,43,PRO,CB,SC,43,57,ARG,NH1,SC,57,76,44,0,0,0,2.5373
43-SC_55-SC,43,PRO,HB2,SC,43,55,GLN,NE2,SC,55,24,0,0,0,0,0.184
44-SC_57-SC,44,TRP,CE3,SC,44,57,ARG,CG,SC,57,109,42,17,0,0,2.2274
44-SC_57-MC,44,TRP,CE3,SC,44,57,ARG,O,MC,57,72,36,0,0,0,2.2256
44-SC_56-MC,44,TRP,HA,SC,44,57,ARG,H,MC,56,12,0,0,0,0,0.065
45-SC_56-SC,45,PHE,CD1,SC,45,56,PHE,CE1,SC,56,53,89,0,0,0,4.6129
45-SC_54-SC,45,PHE,CE1,SC,45,54,VAL,HG11,SC,54,29,8,0,0,0,0.557
45-SC_75-SC,45,PHE,CE1,SC,45,75,LEU,HD21,SC,75,13,0,0,0,0,0.0386
45-SC_55-MC,45,PHE,HA,SC,45,55,GLN,O,MC,55,5,36,8,0,0,1.6436
45-SC_73-SC,45,PHE,HB2,SC,45,73,SER,HG,SC,73,14,0,0,0,0,0.0376
46-MC_47-MC,46,GLN,C,MC,46,47,VAL,O,MC,47,18,16,0,0,0,0.8599
46-SC_47-MC,46,GLN,CG,SC,46,47,VAL,O,MC,47,34,29,0,33,0,2.3356
46-SC_55-SC,46,GLN,CG,SC,46,55,GLN,HB3,SC,55,26,26,0,0,0,1.4954
47-MC_48-MC,47,VAL,C,MC,47,48,ASN,O,MC,48,20,28,0,0,0,1.5079
5-MC_47-SC,6,TYR,N,MC,5,47,VAL,CG2,SC,47,25,0,0,0,0,0.0689
47-SC_53-MC,47,VAL,HA,SC,47,53,GLY,O,MC,53,46,23,0,0,0,1.2986
47-SC_54-SC,47,VAL,HA,SC,47,54,VAL,HA,SC,54,20,0,0,0,0,0.1277
47-SC_51-SC,47,VAL,HG11,SC,47,51,CYS,HA,SC,51,8,45,20,0,0,1.8164
48-MC_49-MC,48,ASN,C,MC,48,50,LYS,N,MC,49,15,38,10,0,0,1.7285
48-SC_52-MC,48,ASN,CG,SC,48,53,GLY,H,MC,52,31,31,0,10,0,1.7179
48-SC_55-SC,48,ASN,HB3,SC,48,55,GLN,HB2,SC,55,19,0,0,0,0,0.1931
49-MC_50-MC,49,ALA,C,MC,49,51,CYS,H,MC,50,25,23,0,0,0,1.3264
50-MC_51-MC,50,LYS,C,MC,50,52,THR,N,MC,51,14,26,9,0,0,1.1331
50-MC_52-SC,50,LYS,C,MC,50,52,THR,HG23,SC,52,4,37,12,0,0,1.55
48-SC_51-SC,48,ASN,OD1,SC,48,51,CYS,CA,SC,51,9,0,0,0,0,0.0531
48-MC_51-SC,48,ASN,O,MC,48,51,CYS,HA,SC,51,1,0,0,0,0,0.0013
10-SC_52-SC,10,GLN,OE1,SC,10,52,THR,CA,SC,52,1,0,0,0,0,0.0014
10-SC_52-MC,10,GLN,OE1,SC,10,52,THR,C,MC,52,36,38,0,0,0,2.1571
52-MC_217-SC,52,THR,C,MC,52,217,TYR,CD1,SC,217,23,38,10,0,0,1.7138
52-SC_217-SC,52,THR,CB,SC,52,217,TYR,HE1,SC,217,10,33,8,0,0,1.5437
53-SC_216-MC,53,GLY,CA,SC,53,216,LEU,O,MC,216,26,0,0,0,0,0.1766
53-SC_217-SC,53,GLY,HA3,SC,53,217,TYR,CD1,SC,217,37,27,0,0,0,1.4657
54-SC_56-SC,54,VAL,CG1,SC,54,56,PHE,CE2,SC,56,92,63,0,0,0,3.7739
46-MC_54-SC,46,GLN,O,MC,46,54,VAL,HA,SC,54,38,3,0,0,0,0.3833
54-SC_216-SC,54,VAL,HB,SC,54,216,LEU,HB3,SC,216,19,0,0,0,0,0.1587
55-SC_213-SC,55,GLN,CG,SC,55,213,GLN,CD,SC,213,54,31,0,0,0,1.9579
55-SC_214-MC,55,GLN,HA,SC,55,214,VAL,O,MC,214,14,0,0,0,0,0.0585
55-SC_215-SC,55,GLN,HA,SC,55,215,SER,HA,SC,215,18,0,0,0,0,0.1117
46-MC_55-SC,46,GLN,O,MC,46,55,GLN,HB3,SC,55,23,5,0,0,0,0.3629
43-MC_55-SC,43,PRO,O,MC,43,55,GLN,HG2,SC,55,3,6,0,42,0,1.2601
56-SC_194-SC,56,PHE,CB,SC,56,194,ALA,CB,SC,194,65,6,0,0,0,0.7831
56-SC_193-MC,56,PHE,CB,SC,56,194,ALA,N,MC,193,20,0,0,0,0,0.0679
56-SC_193-SC,56,PHE,CG,SC,56,193,GLY,CA,SC,193,42,18,0,0,0,1.0526
56-SC_73-MC,56,PHE,CD1,SC,56,73,SER,O,MC,73,54,57,0,0,0,3.0565
54-MC_56-SC,54,VAL,O,MC,54,56,PHE,CD2,SC,56,2,0,0,0,0,0.0025
56-SC_75-SC,56,PHE,CE1,SC,56,75,LEU,HG,SC,75,52,74,11,0,0,3.999
56-SC_216-SC,56,PHE,CE2,SC,56,216,LEU,CD2,SC,216,82,28,0,0,0,1.7051
56-SC_214-SC,56,PHE,HB2,SC,56,214,VAL,HB,SC,214,3,0,0,0,0,0.0044
56-SC_214-MC,56,PHE,HB2,SC,56,214,VAL,O,MC,214,25,0,0,0,0,0.2594
56-SC_73-SC,56,PHE,HB3,SC,56,73,SER,HB3,SC,73,42,16,0,0,0,1.186
57-SC_211-SC,57,ARG,CG,SC,57,211,TYR,CD1,SC,211,124,150,44,0,0,6.1645
57-SC_213-SC,57,ARG,CZ,SC,57,213,GLN,OE1,SC,213,46,53,0,79,0,4.7438
57-SC_212-MC,57,ARG,HA,SC,57,212,GLY,O,MC,212,30,31,0,0,0,1.7139
43-MC_57-SC,43,PRO,O,MC,43,57,ARG,HB3,SC,57,22,0,0,0,0,0.1752
58-MC_211-SC,58,ALA,C,MC,58,211,TYR,HB2,SC,211,36,9,0,0,0,0.6889
58-SC_72-SC,58,ALA,CB,SC,58,72,ARG,CA,SC,72,36,27,0,0,0,1.3673
58-SC_71-MC,58,ALA,HB1,SC,58,71,PRO,C,MC,71,19,0,0,0,0,0.0692
58-SC_71-SC,58,ALA,HB1,SC,58,71,PRO,HB2,SC,71,17,0,0,0,0,0.1467
58-SC_72-MC,58,ALA,HB2,SC,58,72,ARG,C,MC,72,43,0,0,0,0,0.4179
58-SC_196-SC,58,ALA,HB3,SC,58,196,THR,HG1,SC,196,18,41,0,0,0,2.058
59-SC_210-MC,59,ALA,CA,SC,59,210,ASN,O,MC,210,51,35,0,0,0,1.9992
59-SC_211-SC,59,ALA,CA,SC,59,211,TYR,CB,SC,211,27,96,54,0,0,3.5062
59-MC_60-MC,59,ALA,C,MC,59,61,ASN,H,MC,60,16,49,5,0,0,2.4383
59-SC_61-SC,59,ALA,CB,SC,59,61,ASN,OD1,SC,61,32,24,0,0,0,1.2614
59-SC_207-MC,59,ALA,HB1,SC,59,207,SER,O,MC,207,23,0,0,0,0,0.1433
59-SC_208-MC,59,ALA,HB2,SC,59,208,SER,O,MC,208,26,3,0,0,0,0.3773
59-SC_208-SC,59,ALA,HB3,SC,59,208,SER,HA,SC,208,2,27,45,0,0,-0.5429
60-SC_199-SC,60,VAL,CA,SC,60,199,ASN,HA,SC,199,35,40,0,0,0,2.182
60-MC_61-MC,60,VAL,C,MC,60,62,GLY,H,MC,61,6,17,0,0,0,0.7265
60-SC_107-SC,60,VAL,CG1,SC,60,107,PRO,CB,SC,107,52,6,0,0,0,0.5987
60-SC_203-SC,60,VAL,CG1,SC,60,203,SER,HB3,SC,203,39,41,0,0,0,2.0199
60-SC_210-SC,60,VAL,CG2,SC,60,210,ASN,HB3,SC,210,48,50,2,0,0,2.5663
60-SC_71-SC,60,VAL,HA,SC,60,71,PRO,HG3,SC,71,16,0,0,0,0,0.0829
60-SC_198-MC,60,VAL,HA,SC,60,198,ALA,O,MC,198,27,0,0,0,0,0.234
60-SC_199-MC,60,VAL,HB,SC,60,199,ASN,C,MC,199,14,20,0,0,0,0.9206
60-SC_198-SC,60,VAL,HG12,SC,60,198,ALA,HB3,SC,198,24,8,0,0,0,0.4756
60-SC_210-MC,60,VAL,HG13,SC,60,210,ASN,O,MC,210,36,26,0,0,0,1.6414
60-SC_205-MC,60,VAL,HG21,SC,60,205,PRO,O,MC,205,15,0,0,0,0,0.0672
60-SC_207-MC,60,VAL,HG22,SC,60,207,SER,O,MC,207,2,0,0,0,0,0.0034
60-SC_200-SC,60,VAL,HG23,SC,60,200,CYS,SG,SC,200,25,17,0,0,0,0.8342
60-SC_206-SC,60,VAL,HG23,SC,60,206,CYS,HA,SC,206,7,0,0,0,0,0.0166
61-SC_200-SC,61,ASN,CA,SC,61,200,CYS,SG,SC,200,57,53,0,0,0,2.7012
61-MC_62-MC,61,ASN,C,MC,61,62,GLY,O,MC,62,26,25,0,0,0,1.3312
61-SC_206-SC,61,ASN,CB,SC,61,206,CYS,SG,SC,206,25,13,0,0,0,0.6522
21-MC_62-SC,21,PRO,O,MC,21,62,GLY,CA,SC,62,19,0,0,0,0,0.096
62-SC_71-SC,62,GLY,CA,SC,62,71,PRO,HB3,SC,71,43,22,0,0,0,1.1638
62-MC_63-MC,62,GLY,C,MC,62,63,VAL,O,MC,63,14,13,0,0,0,0.7078
62-MC_71-SC,62,GLY,C,MC,62,71,PRO,HB3,SC,71,29,1,0,0,0,0.3061
59-MC_62-SC,59,ALA,O,MC,59,62,GLY,HA3,SC,62,2,0,0,0,0,0.0026
24-MC_63-SC,24,SER,O,MC,24,63,VAL,CG1,SC,63,34,0,0,0,0,0.3298
26-MC_63-SC,27,LYS,H,MC,26,63,VAL,CG1,SC,63,4,0,0,0,0,0.0056
64-MC_65-MC,64,THR,C,MC,64,65,THR,O,MC,65,15,19,12,0,0,0.7296
64-MC_66-MC,64,THR,C,MC,64,67,GLY,H,MC,66,18,39,0,0,0,1.9815
64-SC_70-MC,64,THR,CG2,SC,64,70,TYR,C,MC,70,29,56,21,0,0,2.6071
64-SC_71-SC,64,THR,CG2,SC,64,71,PRO,CD,SC,71,33,30,22,0,0,1.2142
64-SC_69-MC,64,THR,HG21,SC,64,69,GLY,C,MC,69,29,28,0,0,0,1.5004
64-SC_70-SC,64,THR,HG21,SC,64,70,TYR,CA,SC,70,10,0,0,0,0,0.0273
62-MC_64-SC,62,GLY,O,MC,62,64,THR,HG23,SC,64,11,32,10,0,0,1.6242
26-MC_65-SC,26,GLY,O,MC,26,65,THR,HA,SC,65,19,13,0,0,0,0.5922
65-SC_66-SC,65,THR,HG22,SC,65,66,SER,OG,SC,66,27,0,0,0,0,0.3087
65-MC_66-MC,65,THR,O,MC,65,66,SER,C,MC,66,1,17,38,22,0,-0.6199
64-SC_67-SC,64,THR,OG1,SC,64,67,GLY,CA,SC,67,5,0,0,0,0,0.0097
64-SC_67-MC,64,THR,HG1,SC,64,67,GLY,C,MC,67,32,16,0,0,0,0.786
64-SC_68-MC,64,THR,HG1,SC,64,68,SER,C,MC,68,18,0,0,0,0,0.0797
70-SC_195-SC,70,TYR,CB,SC,70,195,TYR,CE1,SC,195,30,35,0,0,0,1.9074
70-SC_196-MC,70,TYR,CG,SC,70,196,THR,O,MC,196,6,5,47,0,0,-2.3576
70-SC_197-SC,70,TYR,CG,SC,70,197,GLN,HA,SC,197,65,71,0,0,0,3.7168
70-SC_197-MC,70,TYR,CD1,SC,70,197,GLN,C,MC,197,44,58,14,0,0,3.0719
70-SC_198-MC,70,TYR,CD1,SC,70,198,ALA,C,MC,198,51,11,0,0,0,0.8482
70-SC_199-SC,70,TYR,CD1,SC,70,199,ASN,ND2,SC,199,45,3,0,0,0,0.467
70-SC_198-SC,70,TYR,CE1,SC,70,198,ALA,CA,SC,198,12,44,19,0,0,2.1171
70-SC_202-SC,70,TYR,CE1,SC,70,202,ASN,HD21,SC,202,24,24,0,21,0,1.7531
71-SC_198-MC,71,PRO,CD,SC,71,198,ALA,O,MC,198,31,0,0,0,0,0.2763
71-SC_196-SC,71,PRO,HG2,SC,71,196,THR,HB,SC,196,12,30,7,0,0,1.5419
71-SC_196-MC,71,PRO,HD2,SC,71,196,THR,O,MC,196,22,18,0,0,0,0.8993
72-SC_194-MC,72,ARG,CA,SC,72,194,ALA,O,MC,194,21,39,11,0,0,1.6854
72-SC_195-SC,72,ARG,CA,SC,72,195,TYR,HA,SC,195,170,140,17,0,0,7.4341
72-SC_74-SC,72,ARG,CG,SC,72,74,GLU,HB3,SC,74,54,30,33,40,0,1.5182
19-MC_73-SC,19,THR,O,MC,19,73,SER,CA,SC,73,6,31,26,0,0,0.7528
44-MC_73-SC,44,TRP,O,MC,44,73,SER,CB,SC,73,2,0,1,72,0,2.2851
57-MC_73-SC,57,ARG,O,MC,57,73,SER,CB,SC,73,18,28,0,0,0,1.4821
56-MC_73-SC,57,ARG,N,MC,56,73,SER,HB3,SC,73,7,0,0,0,0,0.0172
74-SC_191-SC,74,GLU,CG,SC,74,191,LYS,HB3,SC,191,113,42,0,59,0,4.6964
74-SC_195-SC,74,GLU,CD,SC,74,195,TYR,HB2,SC,195,25,0,0,0,0,0.1187
74-SC_192-MC,74,GLU,HA,SC,74,192,ALA,O,MC,192,44,27,0,0,0,1.48
74-SC_193-SC,74,GLU,HA,SC,74,193,GLY,HA3,SC,193,4,33,9,0,0,1.5041
74-SC_75-MC,74,GLU,HG2,SC,74,75,LEU,O,MC,75,21,26,0,0,0,1.2578
17-MC_75-SC,17,LYS,O,MC,17,75,LEU,CA,SC,75,1,27,22,0,0,0.7894
74-MC_75-MC,74,GLU,O,MC,74,75,LEU,C,MC,75,5,0,0,0,0,0.0202
75-SC_192-MC,75,LEU,CB,SC,75,192,ALA,O,MC,192,24,6,0,0,0,0.4116
75-SC_219-SC,75,LEU,CD1,SC,75,219,LEU,CD2,SC,219,49,44,0,0,0,2.2592
75-SC_216-SC,75,LEU,HD12,SC,75,216,LEU,CD2,SC,216,9,0,0,0,0,0.0226
76-SC_191-SC,76,ARG,CB,SC,76,191,LYS,HE3,SC,191,46,45,11,0,0,2.1291
76-SC_77-MC,76,ARG,CD,SC,76,77,GLU,O,MC,77,17,35,5,49,0,3.0249
76-SC_85-SC,76,ARG,CZ,SC,76,85,LYS,HB3,SC,85,41,97,27,0,0,4.8452
76-SC_189-SC,76,ARG,CZ,SC,76,189,TYR,CD1,SC,189,191,38,0,0,0,3.0433
76-SC_78-SC,76,ARG,HD2,SC,76,78,MET,SD,SC,78,11,0,0,0,0,0.0325
76-MC_77-MC,76,ARG,O,MC,76,77,GLU,C,MC,77,12,19,2,0,0,1.056
77-MC_86-SC,77,GLU,C,MC,77,86,ALA,CB,SC,86,46,6,0,0,0,0.5272
77-SC_86-SC,77,GLU,CB,SC,77,86,ALA,HB3,SC,86,73,104,2,0,0,5.3579
77-SC_189-MC,77,GLU,CB,SC,77,190,PHE,H,MC,189,36,11,0,39,0,1.8763
77-SC_190-MC,77,GLU,CB,SC,77,190,PHE,O,MC,190,17,36,6,0,0,1.8656
77-SC_190-SC,77,GLU,HB2,SC,77,190,PHE,HB2,SC,190,57,13,0,0,0,0.9031
77-SC_189-SC,77,GLU,HB3,SC,77,189,TYR,HB2,SC,189,29,53,2,0,0,2.4625
77-SC_78-MC,77,GLU,HG2,SC,77,78,MET,O,MC,78,19,15,0,0,0,0.7959
78-SC_84-MC,78,MET,CA,SC,78,84,GLU,O,MC,84,70,98,0,0,0,5.1953
78-SC_86-SC,78,MET,CA,SC,78,86,ALA,HB2,SC,86,3,0,0,0,0,0.0054
15-SC_78-MC,15,ASP,HB3,SC,15,78,MET,C,MC,78,1,33,17,0,0,1.206
78-MC_86-SC,78,MET,C,MC,78,86,ALA,HB2,SC,86,41,0,0,0,0,0.4467
78-SC_85-SC,78,MET,HA,SC,78,85,LYS,HA,SC,85,40,36,26,0,0,1.3671
78-SC_85-MC,78,MET,HA,SC,78,86,ALA,H,MC,85,24,18,0,0,0,0.8876
78-SC_82-SC,78,MET,HB3,SC,78,82,GLY,HA2,SC,82,5,50,33,0,0,1.6026
76-MC_78-SC,76,ARG,O,MC,76,78,MET,HG2,SC,78,9,36,7,0,0,1.7128
78-SC_82-MC,78,MET,HE3,SC,78,82,GLY,O,MC,82,9,0,0,0,0,0.021
78-SC_84-SC,78,MET,HE3,SC,78,84,GLU,CA,SC,84,11,0,0,0,0,0.0675
78-SC_83-MC,78,MET,HE3,SC,78,84,GLU,N,MC,83,12,0,0,0,0,0.0533
15-SC_79-MC,15,ASP,OD1,SC,15,79,THR,C,MC,79,24,0,0,0,0,0.1095
79-MC_80-MC,79,THR,C,MC,79,81,GLY,N,MC,80,13,21,5,0,0,1.0947
79-MC_81-MC,79,THR,C,MC,79,82,GLY,H,MC,81,50,0,0,0,0,0.4833
79-SC_84-SC,79,THR,CG2,SC,79,84,GLU,OE2,SC,84,17,25,72,0,2,-3.0453
79-SC_84-MC,79,THR,HG22,SC,79,84,GLU,O,MC,84,23,13,0,0,0,0.6336
80-MC_81-MC,80,ASP,C,MC,80,82,GLY,H,MC,81,26,28,0,0,0,1.5647
80-MC_82-MC,80,ASP,C,MC,80,83,GLU,H,MC,82,20,30,0,1,0,1.6809
80-SC_83-SC,80,ASP,HB3,SC,80,83,GLU,HB2,SC,83,11,0,0,0,0,0.0268
80-SC_84-SC,80,ASP,HB3,SC,80,84,GLU,HG2,SC,84,22,11,0,0,0,0.6888
15-SC_81-SC,15,ASP,OD1,SC,15,81,GLY,CA,SC,81,5,0,0,0,0,0.0154
14-MC_81-MC,14,THR,O,MC,14,81,GLY,C,MC,81,20,0,0,0,0,0.1321
81-MC_82-MC,81,GLY,C,MC,81,83,GLU,H,MC,82,26,18,0,0,0,1.0135
14-MC_82-SC,14,THR,O,MC,14,82,GLY,CA,SC,82,9,41,18,0,0,1.6928
82-MC_83-MC,82,GLY,C,MC,82,84,GLU,N,MC,83,11,0,0,0,0,0.0528
80-MC_83-SC,80,ASP,O,MC,80,83,GLU,CB,SC,83,29,72,9,0,0,3.6634
79-MC_84-SC,79,THR,O,MC,79,84,GLU,HG2,SC,84,2,0,0,0,0,0.0032
84-MC_85-MC,84,GLU,O,MC,84,85,LYS,C,MC,85,6,11,0,0,0,0.5387
85-MC_86-MC,85,LYS,C,MC,85,86,ALA,O,MC,86,19,6,0,0,0,0.3947
17-SC_85-SC,17,LYS,HZ1,SC,17,85,LYS,HE2,SC,85,27,27,0,0,0,1.4168
86-SC_189-SC,86,ALA,HB3,SC,86,189,TYR,HB2,SC,189,4,0,0,0,0,0.0079
87-SC_188-MC,87,SER,CA,SC,87,188,ASN,O,MC,188,14,32,6,0,0,1.6619
88-SC_95-SC,88,TRP,CB,SC,88,95,HIS,CD2,SC,95,146,81,15,0,0,4.5984
88-SC_188-MC,88,TRP,CG,SC,88,188,ASN,O,MC,188,75,16,0,0,0,1.0642
88-SC_223-SC,88,TRP,CG,SC,88,223,HIS,CE1,SC,223,43,78,34,0,0,3.2117
88-SC_188-SC,88,TRP,CD2,SC,88,188,ASN,HB2,SC,188,51,72,42,0,0,2.3093
88-SC_189-SC,88,TRP,CE2,SC,88,189,TYR,HA,SC,189,28,46,17,0,0,2.0198
88-SC_190-SC,88,TRP,CZ2,SC,88,190,PHE,CD2,SC,190,107,73,18,0,0,4.2155
88-SC_164-SC,88,TRP,CZ3,SC,88,164,VAL,CB,SC,164,93,43,0,0,0,2.4935
88-MC_89-MC,88,TRP,O,MC,88,89,SER,C,MC,89,2,0,0,0,0,0.004
89-MC_90-MC,89,SER,C,MC,89,91,THR,N,MC,90,9,0,0,0,0,0.086
89-SC_92-SC,89,SER,CB,SC,89,92,SER,HB3,SC,92,46,23,0,0,0,1.3449
89-SC_186-SC,89,SER,HA,SC,89,186,SER,CB,SC,186,26,30,14,0,0,1.3679
90-SC_164-SC,90,ALA,CA,SC,90,164,VAL,CG1,SC,164,69,34,0,0,0,2.0291
90-SC_183-SC,90,ALA,CB,SC,90,183,HIS,CD2,SC,183,44,0,0,0,0,0.4057
90-SC_183-MC,90,ALA,CB,SC,90,183,HIS,O,MC,183,35,25,0,0,0,1.2411
90-SC_185-MC,90,ALA,CB,SC,90,185,SER,O,MC,185,44,0,0,0,0,0.4
90-SC_188-SC,90,ALA,HB2,SC,90,188,ASN,ND2,SC,188,28,18,0,0,0,0.9673
90-SC_184-SC,90,ALA,HB3,SC,90,184,THR,HA,SC,184,22,0,0,0,0,0.1695
91-SC_184-SC,91,THR,CG2,SC,91,184,THR,CB,SC,184,56,15,0,0,0,0.9407
91-SC_166-MC,91,THR,HA,SC,91,167,GLY,H,MC,166,24,9,0,0,0,0.5072
91-SC_167-SC,91,THR,HG22,SC,91,167,GLY,CA,SC,167,20,0,0,0,0,0.1094
91-SC_184-MC,91,THR,HG23,SC,91,184,THR,O,MC,184,11,0,0,0,0,0.0492
92-MC_93-MC,92,SER,C,MC,92,93,GLY,O,MC,93,15,0,0,0,0,0.1062
93-SC_95-SC,93,GLY,CA,SC,93,95,HIS,CE1,SC,95,31,3,0,0,0,0.4048
93-MC_95-SC,93,GLY,C,MC,93,95,HIS,CE1,SC,95,30,24,0,0,0,1.1749
94-SC_164-MC,94,THR,HA,SC,94,164,VAL,O,MC,164,13,30,6,0,0,1.611
94-SC_165-SC,94,THR,HA,SC,94,165,SER,HB3,SC,165,32,29,0,0,0,1.687
95-SC_223-SC,95,HIS,CB,SC,95,223,HIS,CE1,SC,223,52,45,71,0,38,-8.3039
95-SC_222-MC,95,HIS,HA,SC,95,222,THR,O,MC,222,20,18,0,0,0,0.92
95-SC_164-SC,95,HIS,HB2,SC,95,164,VAL,HB,SC,164,10,32,7,0,0,1.5812
96-SC_162-MC,96,THR,CA,SC,96,162,PHE,O,MC,162,23,35,30,0,0,0.7976
96-MC_190-SC,96,THR,C,MC,96,190,PHE,CE2,SC,190,39,0,0,0,0,0.1148
96-SC_98-SC,96,THR,CG2,SC,96,98,VAL,HG23,SC,98,20,26,0,0,0,1.2489
96-SC_161-SC,96,THR,CG2,SC,96,161,LYS,HD2,SC,161,8,0,0,0,0,0.0168
96-SC_163-SC,96,THR,HA,SC,96,163,VAL,HA,SC,163,29,31,5,0,0,1.7087
96-SC_222-SC,96,THR,HB,SC,96,222,THR,OG1,SC,222,11,34,4,0,0,1.7568
96-SC_97-MC,96,THR,HG22,SC,96,97,MET,C,MC,97,4,0,0,0,0,0.0074
97-SC_190-SC,97,MET,CB,SC,97,190,PHE,CD1,SC,190,142,165,26,0,0,8.6063
97-SC_221-SC,97,MET,CB,SC,97,221,VAL,HG22,SC,221,72,56,1,0,0,2.9775
97-SC_116-SC,97,MET,CE,SC,97,116,ALA,HB1,SC,116,23,11,0,0,0,0.5793
97-SC_162-SC,97,MET,CE,SC,97,162,PHE,CD2,SC,162,86,11,0,0,0,1.0071
97-SC_99-SC,97,MET,HG2,SC,97,99,PHE,HD2,SC,99,37,7,0,0,0,0.5118
97-SC_220-MC,97,MET,HG3,SC,97,220,GLN,O,MC,220,9,23,29,0,0,0.3055
97-SC_191-MC,97,MET,HE1,SC,97,191,LYS,O,MC,191,25,29,0,0,0,1.6992
98-SC_161-SC,98,VAL,CG2,SC,98,161,LYS,HD3,SC,161,46,64,30,0,0,2.9163
98-SC_160-MC,98,VAL,HA,SC,98,160,GLY,O,MC,160,20,21,0,0,0,1.0275
98-SC_220-SC,98,VAL,HB,SC,98,220,GLN,HB2,SC,220,29,12,0,0,0,0.6785
99-SC_218-MC,99,PHE,CA,SC,99,218,LYS,O,MC,218,21,32,22,0,0,1.0627
99-SC_101-SC,99,PHE,CD1,SC,99,101,GLU,CD,SC,101,70,74,2,0,0,4.0059
99-SC_160-MC,99,PHE,CD2,SC,99,160,GLY,O,MC,160,54,0,0,0,0,0.4803
99-SC_116-SC,99,PHE,CE1,SC,99,116,ALA,HB2,SC,116,63,66,0,0,0,3.4802
99-SC_158-SC,99,PHE,CE1,SC,99,158,PHE,CE1,SC,158,47,10,0,0,0,0.6749
99-SC_160-SC,99,PHE,CE1,SC,99,160,GLY,HA3,SC,160,12,40,28,0,0,1.0946
99-SC_128-SC,99,PHE,CE2,SC,99,128,PHE,CE2,SC,128,86,51,0,0,0,2.826
99-SC_219-SC,99,PHE,HA,SC,99,219,LEU,HA,SC,219,12,0,0,0,0,0.0392
99-SC_216-SC,99,PHE,HB2,SC,99,216,LEU,HD11,SC,216,6,36,2,0,0,1.6656
100-SC_158-MC,100,ARG,CA,SC,100,158,PHE,O,MC,158,3,13,37,0,0,-0.6944
100-SC_217-SC,100,ARG,CB,SC,100,217,TYR,HB2,SC,217,16,0,0,0,0,0.0469
100-SC_218-SC,100,ARG,CB,SC,100,218,LYS,HB3,SC,218,212,214,9,0,0,11.5267
100-SC_159-SC,100,ARG,CG,SC,100,159,GLU,HG3,SC,159,89,88,6,69,0,6.516
100-SC_217-MC,100,ARG,HB2,SC,100,218,LYS,N,MC,217,25,0,0,0,0,0.2624
100-SC_157-SC,100,ARG,HB3,SC,100,157,VAL,CG1,SC,157,20,0,0,0,0,0.1272
101-SC_215-MC,101,GLU,CA,SC,101,215,SER,O,MC,215,8,66,36,0,0,2.3171
101-SC_216-SC,101,GLU,CB,SC,101,216,LEU,HA,SC,216,52,38,0,0,0,2.0157
101-SC_158-SC,101,GLU,CG,SC,101,158,PHE,CZ,SC,158,70,48,0,0,0,2.4739
101-SC_217-SC,101,GLU,HA,SC,101,217,TYR,HD2,SC,217,8,0,0,0,0,0.0224
101-SC_214-SC,101,GLU,HB2,SC,101,214,VAL,CG1,SC,214,52,9,0,0,0,0.7626
102-SC_152-SC,102,ALA,CA,SC,102,152,TYR,OH,SC,152,28,10,0,0,0,0.6001
102-SC_156-MC,102,ALA,CB,SC,102,156,THR,C,MC,156,76,4,0,0,0,0.635
102-SC_155-MC,102,ALA,HB1,SC,102,155,ASN,C,MC,155,23,14,0,0,0,0.7744
102-SC_155-SC,102,ALA,HB1,SC,102,155,ASN,CA,SC,155,18,21,0,0,0,1.0796
102-SC_157-SC,102,ALA,HB2,SC,102,157,VAL,CA,SC,157,32,66,11,0,0,3.4097
103-SC_130-SC,103,PHE,CB,SC,103,130,LEU,CD2,SC,130,109,101,8,0,0,5.5139
103-SC_113-SC,103,PHE,CD1,SC,103,113,LEU,HG,SC,113,68,39,12,0,0,2.381
103-SC_214-SC,103,PHE,CD1,SC,103,214,VAL,HG22,SC,214,64,40,7,0,0,2.421
103-SC_152-SC,103,PHE,CD2,SC,103,152,TYR,CE2,SC,152,39,67,22,0,0,2.8151
103-SC_158-SC,103,PHE,CD2,SC,103,158,PHE,HE2,SC,158,64,34,0,0,0,2.1319
103-SC_113-MC,103,PHE,CE1,SC,103,113,LEU,O,MC,113,4,0,0,0,0,0.0064
103-SC_115-SC,103,PHE,CE1,SC,103,115,GLY,CA,SC,115,35,0,0,0,0,0.2223
103-SC_114-MC,103,PHE,CE1,SC,103,115,GLY,N,MC,114,24,0,0,0,0,0.1256
103-SC_135-SC,103,PHE,CE2,SC,103,135,LEU,HD13,SC,135,34,29,0,0,0,1.6707
103-SC_213-MC,103,PHE,HA,SC,103,213,GLN,O,MC,213,10,0,0,0,0,0.0338
104-SC_155-SC,104,ASN,CA,SC,104,155,ASN,OD1,SC,155,60,52,3,40,0,3.9234
104-MC_154-SC,104,ASN,C,MC,104,154,LEU,HD22,SC,154,29,0,0,0,0,0.1339
104-SC_213-SC,104,ASN,CB,SC,104,213,GLN,NE2,SC,213,113,72,0,8,0,4.2755
105-MC_212-SC,105,HIS,C,MC,105,212,GLY,HA2,SC,212,5,17,36,0,0,-0.4967
105-SC_211-SC,105,HIS,CB,SC,105,211,TYR,CE1,SC,211,124,82,28,0,0,3.9909
105-SC_213-SC,105,HIS,CB,SC,105,213,GLN,HB3,SC,213,39,18,0,0,0,0.9879
105-SC_212-MC,105,HIS,HB3,SC,105,213,GLN,N,MC,212,4,0,0,0,0,0.0054
106-SC_211-MC,106,LEU,CA,SC,106,211,TYR,O,MC,211,3,0,0,0,0,0.0045
106-MC_211-MC,106,LEU,C,MC,106,211,TYR,O,MC,211,36,22,0,0,0,1.3041
106-SC_132-SC,106,LEU,CD1,SC,106,132,GLY,CA,SC,132,23,0,0,0,0,0.0757
106-SC_132-MC,106,LEU,CD1,SC,106,132,GLY,O,MC,132,27,17,0,0,0,0.8844
106-SC_154-SC,106,LEU,CD1,SC,106,154,LEU,HD21,SC,154,32,6,0,0,0,0.4368
106-SC_113-SC,106,LEU,CD2,SC,106,113,LEU,CB,SC,113,102,11,0,0,0,1.4802
106-SC_212-SC,106,LEU,HA,SC,106,212,GLY,HA2,SC,212,17,0,0,0,0,0.1308
106-SC_111-SC,106,LEU,HB3,SC,106,111,PRO,CA,SC,111,54,37,28,0,0,1.0833
106-SC_130-SC,106,LEU,HD11,SC,106,130,LEU,CD2,SC,130,28,24,25,0,0,0.655
106-SC_111-MC,106,LEU,HD13,SC,106,111,PRO,O,MC,111,45,0,0,0,0,0.3127
106-SC_131-MC,106,LEU,HD13,SC,106,132,GLY,H,MC,131,24,0,0,0,0,0.1975
107-SC_210-SC,107,PRO,CA,SC,107,210,ASN,OD1,SC,210,19,34,12,0,0,1.6162
107-MC_108-MC,107,PRO,C,MC,107,108,GLU,O,MC,108,24,5,0,0,0,0.3892
107-SC_198-SC,107,PRO,CB,SC,107,198,ALA,HB3,SC,198,34,6,0,0,0,0.4514
107-SC_111-SC,107,PRO,CG,SC,107,111,PRO,HA,SC,111,47,26,0,0,0,1.6487
107-SC_196-SC,107,PRO,CG,SC,107,196,THR,HG23,SC,196,45,30,0,0,0,1.7051
107-SC_111-MC,107,PRO,HG2,SC,107,112,HIS,H,MC,111,4,0,0,0,0,0.0073
107-SC_212-SC,107,PRO,HD3,SC,107,212,GLY,CA,SC,212,30,1,0,0,0,0.3165
108-MC_109-MC,108,GLU,C,MC,108,110,LYS,N,MC,109,2,11,9,61,0,2.3632
108-SC_109-SC,108,GLU,CB,SC,108,109,VAL,HG23,SC,109,27,23,0,0,0,1.0887
108-SC_204-MC,108,GLU,CB,SC,108,204,SER,O,MC,204,23,34,0,0,0,1.8171
108-SC_210-SC,108,GLU,HB2,SC,108,210,ASN,ND2,SC,210,45,0,0,0,0,0.3803
108-SC_205-SC,108,GLU,HG3,SC,108,205,PRO,HD2,SC,205,11,0,0,0,0,0.0537
109-SC_203-MC,109,VAL,CG2,SC,109,204,SER,H,MC,203,27,8,0,0,0,0.5407
109-SC_203-SC,109,VAL,HB,SC,109,203,SER,HA,SC,203,18,27,0,0,0,1.4877
110-SC_112-SC,110,LYS,CG,SC,110,112,HIS,CE1,SC,112,71,47,0,67,0,4.6428
110-SC_197-MC,110,LYS,CD,SC,110,197,GLN,O,MC,197,28,6,0,64,0,2.3874
110-SC_202-SC,110,LYS,CD,SC,110,202,ASN,CG,SC,202,61,0,0,0,0,0.1899
110-SC_198-SC,110,LYS,HB3,SC,110,198,ALA,HB2,SC,198,25,0,0,0,0,0.2634
70-SC_110-SC,70,TYR,OH,SC,70,110,LYS,HE3,SC,110,10,0,0,0,0,0.026
107-MC_111-SC,107,PRO,O,MC,107,111,PRO,CA,SC,111,41,22,0,0,0,1.2413
111-SC_131-MC,111,PRO,HB2,SC,111,132,GLY,H,MC,131,5,0,0,0,0,0.0091
112-MC_197-SC,112,HIS,C,MC,112,197,GLN,HB2,SC,197,37,4,0,0,0,0.4864
112-SC_129-SC,112,HIS,CG,SC,112,129,ARG,HH21,SC,129,32,36,0,8,0,2.0544
112-SC_131-SC,112,HIS,CG,SC,112,131,GLU,HG2,SC,131,129,75,0,0,0,4.4306
112-SC_197-MC,112,HIS,HB2,SC,112,197,GLN,O,MC,197,14,0,0,0,0,0.0554
112-SC_197-SC,112,HIS,HB3,SC,112,197,GLN,HB2,SC,197,4,16,56,0,0,-2.1741
113-SC_196-SC,113,LEU,CD1,SC,113,196,THR,HA,SC,196,70,7,0,0,0,0.836
105-MC_113-SC,105,HIS,O,MC,105,113,LEU,CD2,SC,113,24,30,0,0,0,1.582
113-SC_212-MC,113,LEU,CD2,SC,113,213,GLN,H,MC,212,50,0,0,0,0,0.3201
113-SC_195-MC,113,LEU,HA,SC,113,195,TYR,O,MC,195,36,44,0,0,0,2.2192
113-SC_196-MC,113,LEU,HA,SC,113,197,GLN,H,MC,196,3,0,0,0,0,0.0054
113-SC_194-SC,113,LEU,HD11,SC,113,194,ALA,CA,SC,194,45,18,0,0,0,0.9817
113-SC_194-MC,113,LEU,HD12,SC,113,195,TYR,N,MC,194,3,0,0,0,0,0.0048
113-SC_212-SC,113,LEU,HD13,SC,113,212,GLY,HA3,SC,212,53,33,0,0,0,1.9487
113-SC_213-MC,113,LEU,HD21,SC,113,213,GLN,C,MC,213,39,2,0,0,0,0.4073
113-SC_214-SC,113,LEU,HD21,SC,113,214,VAL,CG2,SC,214,10,31,11,0,0,1.4395
114-SC_127-SC,114,VAL,CG1,SC,114,127,VAL,CG2,SC,127,94,63,9,0,0,3.3331
114-SC_129-SC,114,VAL,CG2,SC,114,129,ARG,HG3,SC,129,64,24,0,0,0,1.445
114-SC_128-MC,114,VAL,HA,SC,114,128,PHE,O,MC,128,31,37,8,0,0,1.9361
114-SC_195-SC,114,VAL,HB,SC,114,195,TYR,CD2,SC,195,6,10,39,0,0,-1.6458
114-SC_195-MC,114,VAL,HB,SC,114,195,TYR,O,MC,195,23,0,0,0,0,0.1902
114-SC_197-SC,114,VAL,HG23,SC,114,197,GLN,CD,SC,197,30,43,0,0,0,2.1408
101-SC_115-MC,101,GLU,OE2,SC,101,115,GLY,C,MC,115,20,39,8,0,0,1.8858
115-SC_214-SC,115,GLY,HA2,SC,115,214,VAL,HG21,SC,214,13,0,0,0,0,0.0645
101-SC_115-SC,101,GLU,OE2,SC,101,115,GLY,HA3,SC,115,8,34,7,0,0,1.6841
116-SC_191-MC,116,ALA,CA,SC,116,191,LYS,O,MC,191,11,35,3,0,0,1.7159
116-SC_128-SC,116,ALA,HB3,SC,116,128,PHE,CD2,SC,128,40,0,0,0,0,0.2764
117-SC_126-MC,117,GLN,CA,SC,117,126,THR,O,MC,126,26,10,0,0,0,0.5527
117-SC_191-SC,117,GLN,CD,SC,117,191,LYS,HD3,SC,191,31,10,53,0,22,-6.0847
117-SC_127-SC,117,GLN,HA,SC,117,127,VAL,HA,SC,127,72,51,89,0,48,-10.5305
117-SC_162-SC,117,GLN,HA,SC,117,162,PHE,CE2,SC,162,32,4,0,0,0,0.4125
118-SC_125-SC,118,ILE,CB,SC,118,125,VAL,HB,SC,125,83,16,0,0,0,1.2671
118-SC_190-SC,118,ILE,CG1,SC,118,190,PHE,CE1,SC,190,35,52,18,0,0,2.5375
118-SC_162-SC,118,ILE,CD1,SC,118,162,PHE,CD1,SC,162,138,46,18,0,0,2.6581
118-SC_164-SC,118,ILE,CD1,SC,118,164,VAL,CG2,SC,164,43,33,0,0,0,1.802
118-SC_169-SC,118,ILE,CD1,SC,118,169,ILE,CG2,SC,169,59,48,0,0,0,2.7289
118-SC_189-MC,118,ILE,HA,SC,118,189,TYR,O,MC,189,20,20,0,0,0,0.9777
118-SC_126-SC,118,ILE,HB,SC,118,126,THR,CG2,SC,126,58,42,0,0,0,2.2239
118-SC_188-SC,118,ILE,HG23,SC,118,188,ASN,HB3,SC,188,12,0,0,0,0,0.0534
119-SC_125-SC,119,HIS,CA,SC,119,125,VAL,HG23,SC,125,24,0,0,0,0,0.1892
119-SC_123-MC,119,HIS,CG,SC,119,123,ASP,C,MC,123,121,46,0,0,0,2.9362
119-SC_124-SC,119,HIS,CG,SC,119,124,ASP,HA,SC,124,50,68,4,0,0,3.4526
119-SC_189-SC,119,HIS,CG,SC,119,189,TYR,CZ,SC,189,39,91,30,35,0,4.7716
119-SC_120-MC,119,HIS,CE1,SC,119,120,ASP,O,MC,120,13,16,3,46,0,2.0286
119-SC_123-SC,119,HIS,CE1,SC,119,123,ASP,CA,SC,123,13,40,32,0,0,1.1878
119-SC_124-MC,119,HIS,HA,SC,119,125,VAL,H,MC,124,5,0,0,0,0,0.0092
120-SC_187-MC,120,ASP,CA,SC,120,187,GLY,O,MC,187,16,26,30,0,0,0.207
120-SC_188-SC,120,ASP,CA,SC,120,188,ASN,HA,SC,188,18,67,19,0,0,3.0208
120-MC_121-MC,120,ASP,C,MC,120,122,ASP,N,MC,121,25,31,2,0,0,1.7624
120-MC_187-MC,120,ASP,C,MC,120,187,GLY,O,MC,187,6,0,0,0,0,0.0094
120-SC_186-MC,120,ASP,HB2,SC,120,186,SER,O,MC,186,7,0,0,0,0,0.0154
120-SC_122-SC,120,ASP,OD1,SC,120,122,ASP,CA,SC,122,24,0,0,0,0,0.2333
123-MC_124-MC,123,ASP,C,MC,123,124,ASP,O,MC,124,16,16,0,0,0,0.8736
123-SC_124-SC,123,ASP,CG,SC,123,124,ASP,OD1,SC,124,4,16,54,0,0,-1.9101
117-SC_124-SC,117,GLN,NE2,SC,117,124,ASP,CB,SC,124,42,22,0,0,0,1.2581
124-SC_127-SC,124,ASP,HB2,SC,124,127,VAL,CG1,SC,127,31,18,0,0,0,0.8912
118-MC_125-SC,118,ILE,O,MC,118,125,VAL,CB,SC,125,26,11,0,0,0,0.6212
125-SC_169-SC,125,VAL,CG1,SC,125,169,ILE,CD1,SC,169,47,30,0,0,0,1.6676
125-SC_183-SC,125,VAL,CG1,SC,125,183,HIS,CE1,SC,183,152,73,0,0,0,4.1005
125-SC_126-SC,125,VAL,HG12,SC,125,126,THR,HG22,SC,126,19,0,0,0,0,0.1341
119-MC_125-SC,120,ASP,N,MC,119,125,VAL,HG23,SC,125,6,0,0,0,0,0.0117
126-SC_138-MC,126,THR,CB,SC,126,138,THR,O,MC,138,37,10,0,58,0,2.4174
126-SC_181-SC,126,THR,CB,SC,126,181,ILE,CD1,SC,181,53,3,0,0,0,0.5439
126-SC_162-SC,126,THR,CG2,SC,126,162,PHE,CE1,SC,162,21,37,1,0,0,1.972
126-SC_169-SC,126,THR,CG2,SC,126,169,ILE,HD13,SC,169,25,32,14,0,0,1.3281
126-SC_138-SC,126,THR,HA,SC,126,138,THR,OG1,SC,138,28,1,0,0,0,0.2976
116-MC_127-SC,116,ALA,O,MC,116,127,VAL,CA,SC,127,18,67,20,0,0,2.8531
127-SC_129-SC,127,VAL,CG2,SC,127,129,ARG,HB2,SC,129,18,40,2,0,0,1.9929
127-SC_138-SC,127,VAL,CG2,SC,127,138,THR,HG21,SC,138,25,66,23,0,0,2.7231
127-SC_162-SC,127,VAL,HA,SC,127,162,PHE,HZ,SC,162,5,0,0,0,0,0.0109
127-SC_128-MC,127,VAL,HG23,SC,127,128,PHE,C,MC,128,28,10,0,0,0,0.5709
128-SC_137-SC,128,PHE,CG,SC,128,137,ILE,CD1,SC,137,111,68,26,0,0,3.283
128-SC_158-SC,128,PHE,CD1,SC,128,158,PHE,CE1,SC,158,53,0,0,0,0,0.4109
128-SC_162-SC,128,PHE,CD2,SC,128,162,PHE,CZ,SC,162,64,55,0,0,0,3.0198
128-SC_160-SC,128,PHE,CE1,SC,128,160,GLY,HA3,SC,160,28,0,0,0,0,0.197
128-SC_171-SC,128,PHE,CE2,SC,128,171,VAL,CG1,SC,171,62,43,0,0,0,2.1724
128-SC_172-MC,128,PHE,CZ,SC,128,172,TYR,O,MC,172,24,8,0,0,0,0.5132
128-SC_136-MC,128,PHE,HA,SC,128,136,TYR,O,MC,136,19,24,0,0,0,1.1992
128-SC_135-SC,128,PHE,HB3,SC,128,135,LEU,HD11,SC,135,7,0,0,0,0,0.0198
129-MC_135-SC,129,ARG,C,MC,129,135,LEU,HD12,SC,135,42,52,0,0,0,2.7077
129-SC_138-SC,129,ARG,CB,SC,129,138,THR,CG2,SC,138,49,0,0,0,0,0.2201
129-SC_143-SC,129,ARG,CD,SC,129,143,THR,HB,SC,143,68,49,0,0,0,2.6889
129-SC_197-SC,129,ARG,CZ,SC,129,197,GLN,HG3,SC,197,30,36,2,0,0,1.9454
113-MC_129-SC,113,LEU,O,MC,113,129,ARG,HA,SC,129,21,16,0,0,0,0.8624
129-SC_136-SC,129,ARG,HB3,SC,129,136,TYR,HB2,SC,136,6,0,0,0,0,0.0137
129-SC_131-SC,129,ARG,HG2,SC,129,131,GLU,HG3,SC,131,38,0,0,64,0,2.1404
129-SC_143-MC,129,ARG,HD3,SC,129,143,THR,O,MC,143,14,0,0,0,0,0.0494
130-SC_132-MC,130,LEU,CG,SC,130,132,GLY,O,MC,132,44,21,0,0,0,1.1294
130-SC_152-SC,130,LEU,CD1,SC,130,152,TYR,CD2,SC,152,131,14,0,0,0,1.6072
130-SC_134-MC,130,LEU,HA,SC,130,134,SER,O,MC,134,31,63,18,0,0,2.9888
130-SC_135-SC,130,LEU,HA,SC,130,135,LEU,HA,SC,135,57,33,0,0,0,1.9179
130-SC_133-SC,130,LEU,HD11,SC,130,133,THR,CA,SC,133,18,0,0,0,0,0.094
131-SC_144-SC,131,GLU,CD,SC,131,144,HIS,HE2,SC,144,5,2,0,60,0,1.9222
131-SC_136-SC,131,GLU,HB2,SC,131,136,TYR,HE2,SC,136,21,4,0,0,0,0.3505
131-MC_132-MC,131,GLU,O,MC,131,132,GLY,C,MC,132,17,24,0,0,0,1.2737
133-SC_152-MC,133,THR,CA,SC,133,152,TYR,O,MC,152,60,9,0,0,0,0.7959
133-MC_152-SC,133,THR,C,MC,133,152,TYR,HB3,SC,152,34,3,0,0,0,0.4105
133-SC_151-MC,133,THR,HB,SC,133,152,TYR,N,MC,151,2,0,0,0,0,0.0034
134-SC_150-SC,134,SER,CA,SC,134,150,SER,HA,SC,150,22,35,22,0,0,1.2716
134-SC_136-SC,134,SER,CB,SC,134,136,TYR,CE2,SC,136,40,56,2,0,0,2.9046
134-SC_147-SC,134,SER,CB,SC,134,147,LEU,HD11,SC,147,38,20,0,0,0,1.2188
131-MC_134-SC,131,GLU,O,MC,131,134,SER,HB2,SC,134,21,16,0,0,0,0.7531
135-SC_173-SC,135,LEU,CD2,SC,135,173,TYR,CE1,SC,173,41,25,0,0,0,1.2752
135-SC_152-SC,135,LEU,HB2,SC,135,152,TYR,HB2,SC,152,8,0,0,0,0,0.0205
135-SC_148-SC,135,LEU,HB3,SC,135,148,VAL,HB,SC,148,26,0,0,0,0,0.1133
135-SC_149-SC,135,LEU,HB3,SC,135,149,THR,CG2,SC,149,29,2,0,0,0,0.3166
136-SC_146-MC,136,TYR,CA,SC,136,146,LYS,O,MC,146,13,35,21,0,0,1.223
136-SC_143-MC,136,TYR,CB,SC,136,143,THR,O,MC,143,19,0,0,0,0,0.0508
136-SC_144-SC,136,TYR,CG,SC,136,144,HIS,HA,SC,144,92,97,30,0,0,4.6748
136-SC_147-SC,136,TYR,CD1,SC,136,147,LEU,HA,SC,147,82,86,9,0,0,4.4636
134-MC_136-SC,134,SER,O,MC,134,136,TYR,CD2,SC,136,43,0,0,0,0,0.2979
136-SC_147-MC,136,TYR,HA,SC,136,148,VAL,H,MC,147,8,0,0,0,0,0.0298
136-SC_148-SC,136,TYR,HA,SC,136,148,VAL,HG23,SC,148,6,0,0,0,0,0.0089
127-MC_137-SC,127,VAL,O,MC,127,137,ILE,CA,SC,137,15,36,3,0,0,1.8353
137-SC_171-SC,137,ILE,CG1,SC,137,171,VAL,HG11,SC,171,94,80,25,0,0,3.6786
126-SC_137-SC,126,THR,OG1,SC,126,137,ILE,CG2,SC,137,51,2,0,0,0,0.5534
137-SC_179-SC,137,ILE,CG2,SC,137,179,THR,HG21,SC,179,43,41,0,0,0,2.3215
137-SC_148-SC,137,ILE,CD1,SC,137,148,VAL,HG21,SC,148,20,30,34,0,0,0.555
137-SC_146-SC,137,ILE,HB,SC,137,146,LYS,HB3,SC,146,14,33,0,0,0,1.6206
137-SC_178-SC,137,ILE,HG13,SC,137,178,GLN,HB2,SC,178,8,0,0,0,0,0.0202
137-SC_138-MC,137,ILE,HG22,SC,137,138,THR,O,MC,138,21,0,0,0,0,0.1749
138-SC_142-MC,138,THR,CA,SC,138,142,ASP,O,MC,142,48,24,0,0,0,1.4556
138-SC_145-SC,138,THR,CA,SC,138,145,HIS,HB3,SC,145,14,32,8,0,0,1.6434
138-MC_145-SC,138,THR,C,MC,138,145,HIS,HB3,SC,145,50,0,0,0,0,0.3982
138-SC_143-SC,138,THR,CG2,SC,138,143,THR,HA,SC,143,24,42,11,0,0,2.0543
138-SC_143-MC,138,THR,HG22,SC,138,143,THR,C,MC,143,15,40,1,0,0,1.9288
127-MC_138-SC,127,VAL,O,MC,127,138,THR,HG23,SC,138,16,0,0,0,0,0.117
139-MC_140-MC,139,LYS,C,MC,139,140,GLY,O,MC,140,15,15,15,0,0,0.4397
139-SC_145-SC,139,LYS,CB,SC,139,145,HIS,CB,SC,145,90,102,29,0,0,4.7663
139-SC_181-SC,139,LYS,CB,SC,139,181,ILE,HD13,SC,181,77,32,37,0,0,0.2779
125-MC_139-SC,125,VAL,O,MC,125,139,LYS,HA,SC,139,21,0,0,0,0,0.2156
139-SC_142-SC,139,LYS,HB3,SC,139,142,ASP,HB3,SC,142,3,0,0,0,0,0.0049
140-MC_141-MC,140,GLY,C,MC,140,142,ASP,N,MC,141,21,22,0,0,0,1.213
124-MC_140-SC,124,ASP,O,MC,124,140,GLY,HA2,SC,140,4,0,0,0,0,0.0071
141-MC_142-MC,141,ASP,C,MC,141,143,THR,N,MC,142,37,3,0,0,0,0.4646
142-MC_143-MC,142,ASP,C,MC,142,144,HIS,H,MC,143,26,33,1,0,0,1.7014
139-MC_142-SC,139,LYS,O,MC,139,142,ASP,CB,SC,142,27,23,0,0,0,1.1872
142-SC_145-SC,142,ASP,CG,SC,142,145,HIS,CA,SC,145,42,6,0,0,0,0.4848
142-SC_144-MC,142,ASP,CG,SC,142,145,HIS,N,MC,144,37,0,0,0,0,0.1718
141-MC_143-SC,141,ASP,O,MC,141,143,THR,HG23,SC,143,3,0,0,0,0,0.0059
144-MC_145-MC,144,HIS,C,MC,144,146,LYS,N,MC,145,16,28,21,0,0,0.6347
143-SC_144-SC,143,THR,OG1,SC,143,144,HIS,CD2,SC,144,25,0,0,0,0,0.178
145-SC_146-SC,145,HIS,CD2,SC,145,146,LYS,CB,SC,146,20,0,0,0,0,0.0507
145-SC_179-SC,145,HIS,CD2,SC,145,179,THR,HG1,SC,179,33,1,0,58,0,2.1854
145-SC_181-SC,145,HIS,CD2,SC,145,181,ILE,HD11,SC,181,21,0,0,0,0,0.1114
146-SC_147-MC,146,LYS,CE,SC,146,147,LEU,O,MC,147,7,33,13,0,0,1.4423
146-SC_178-SC,146,LYS,HG2,SC,146,178,GLN,HB3,SC,178,22,5,0,0,0,0.3458
146-SC_178-MC,146,LYS,HG2,SC,146,178,GLN,O,MC,178,44,37,0,0,0,1.8416
146-SC_179-SC,146,LYS,HG2,SC,146,179,THR,HB,SC,179,11,0,0,0,0,0.0509
146-MC_147-MC,146,LYS,O,MC,146,147,LEU,C,MC,147,11,0,0,0,0,0.0817
147-SC_149-MC,147,LEU,CD1,SC,147,149,THR,O,MC,149,37,22,0,0,0,1.1473
135-MC_147-SC,135,LEU,O,MC,135,147,LEU,HA,SC,147,24,19,0,0,0,0.9869
147-SC_148-MC,147,LEU,HG,SC,147,149,THR,N,MC,148,25,3,0,0,0,0.3509
147-SC_150-SC,147,LEU,HD11,SC,147,150,SER,CA,SC,150,23,32,13,0,0,1.3907
147-MC_148-MC,147,LEU,O,MC,147,148,VAL,C,MC,148,15,2,0,0,0,0.18
135-MC_148-SC,135,LEU,O,MC,135,148,VAL,CB,SC,148,21,25,0,0,0,1.3838
148-SC_173-SC,148,VAL,CG1,SC,148,173,TYR,CD2,SC,173,45,74,63,0,0,2.0325
148-SC_178-SC,148,VAL,HA,SC,148,178,GLN,OE1,SC,178,93,14,0,0,0,1.3614
148-SC_149-SC,148,VAL,HG12,SC,148,149,THR,HG22,SC,149,24,0,0,0,0,0.1997
149-MC_150-MC,149,THR,C,MC,149,151,ASP,H,MC,150,8,13,2,0,0,0.7285
149-SC_152-SC,149,THR,CG2,SC,149,152,TYR,HB2,SC,152,21,20,0,0,0,0.9235
133-MC_150-SC,133,THR,O,MC,133,150,SER,CA,SC,150,8,0,0,0,0,0.0187
133-MC_150-MC,133,THR,O,MC,133,150,SER,C,MC,150,36,32,0,0,0,1.8812
149-SC_151-SC,149,THR,OG1,SC,149,151,ASP,CA,SC,151,17,0,0,0,0,0.1011
151-SC_153-SC,151,ASP,CG,SC,151,153,LYS,HE3,SC,153,50,17,0,0,0,1.0153
151-MC_152-MC,151,ASP,O,MC,151,152,TYR,C,MC,152,12,2,0,0,0,0.1658
152-SC_156-SC,152,TYR,CE1,SC,152,156,THR,HB,SC,156,29,13,0,0,0,0.692
152-SC_156-MC,152,TYR,CE1,SC,152,156,THR,O,MC,156,14,0,3,75,0,2.5491
152-SC_158-SC,152,TYR,CE1,SC,152,158,PHE,CD2,SC,158,27,0,0,0,0,0.1094
152-SC_153-MC,152,TYR,CE2,SC,152,153,LYS,C,MC,153,63,0,0,0,0,0.5524
152-SC_154-SC,152,TYR,CE2,SC,152,154,LEU,HA,SC,154,44,10,0,0,0,0.7071
153-MC_154-MC,153,LYS,C,MC,153,154,LEU,O,MC,154,16,24,20,0,0,0.5717
153-MC_156-SC,153,LYS,C,MC,153,156,THR,HG1,SC,156,17,17,0,61,0,2.7495
153-SC_156-SC,153,LYS,CB,SC,153,156,THR,HG1,SC,156,23,38,0,0,0,2.1317
151-MC_153-SC,151,ASP,O,MC,151,153,LYS,HG3,SC,153,20,22,0,0,0,1.1036
103-MC_154-SC,103,PHE,O,MC,103,154,LEU,CA,SC,154,58,7,0,0,0,0.7718
154-MC_155-MC,154,LEU,C,MC,154,156,THR,H,MC,155,16,13,0,0,0,0.6992
155-MC_156-MC,155,ASN,O,MC,155,156,THR,C,MC,156,4,0,0,0,0,0.0182
156-SC_157-MC,156,THR,HG22,SC,156,157,VAL,O,MC,157,15,0,0,0,0,0.0726
156-MC_157-MC,156,THR,O,MC,156,157,VAL,C,MC,157,8,0,0,0,0,0.0683
157-SC_217-SC,157,VAL,CG2,SC,157,217,TYR,CD2,SC,217,42,24,0,0,0,1.2937
158-SC_174-SC,158,PHE,CA,SC,158,174,ASN,OD1,SC,174,50,0,0,0,0,0.3964
158-SC_173-SC,158,PHE,CB,SC,158,173,TYR,CE1,SC,173,83,95,0,0,0,4.7216
101-MC_158-SC,101,GLU,O,MC,101,158,PHE,CD2,SC,158,32,18,0,0,0,0.9146
99-MC_159-SC,99,PHE,O,MC,99,159,GLU,CA,SC,159,23,36,18,0,0,1.4856
158-SC_159-MC,158,PHE,HD1,SC,158,159,GLU,C,MC,159,9,0,0,0,0,0.024
159-SC_174-SC,159,GLU,HB3,SC,159,174,ASN,HA,SC,174,14,0,0,0,0,0.0661
160-SC_172-MC,160,GLY,HA2,SC,160,172,TYR,O,MC,172,5,36,11,0,0,1.5897
97-MC_161-SC,97,MET,O,MC,97,161,LYS,CA,SC,161,20,35,35,0,0,0.2954
161-SC_172-SC,161,LYS,CE,SC,161,172,TYR,CD2,SC,172,54,81,30,0,0,3.3634
161-SC_163-SC,161,LYS,HG2,SC,161,163,VAL,HG23,SC,163,49,35,10,0,0,1.9734
161-SC_162-MC,161,LYS,HG2,SC,161,162,PHE,C,MC,162,1,0,0,0,0,0.0013
162-SC_190-SC,162,PHE,CB,SC,162,190,PHE,HE1,SC,190,43,8,0,0,0,0.6737
162-SC_171-SC,162,PHE,CD1,SC,162,171,VAL,HG13,SC,171,66,50,3,0,0,2.8235
162-SC_170-MC,162,PHE,HA,SC,162,170,LYS,O,MC,170,22,16,0,0,0,0.9047
95-MC_163-SC,95,HIS,O,MC,95,163,VAL,CA,SC,163,18,25,0,0,0,1.2441
163-SC_170-SC,163,VAL,HB,SC,163,170,LYS,HB2,SC,170,18,31,0,0,0,1.7033
164-SC_169-SC,164,VAL,CG1,SC,164,169,ILE,HG12,SC,169,63,84,32,0,0,3.5434
164-SC_168-MC,164,VAL,HG13,SC,164,168,LYS,O,MC,168,15,36,13,0,0,1.5319
165-MC_166-MC,165,SER,C,MC,165,167,GLY,H,MC,166,22,40,9,0,0,1.9073
93-MC_165-SC,93,GLY,O,MC,93,165,SER,CB,SC,165,34,4,0,0,0,0.3967
166-MC_167-MC,166,GLY,C,MC,166,168,LYS,H,MC,167,30,12,0,0,0,0.8311
90-MC_167-SC,90,ALA,O,MC,90,167,GLY,CA,SC,167,20,1,0,0,0,0.2714
167-SC_183-MC,167,GLY,CA,SC,167,183,HIS,O,MC,183,6,29,25,0,0,0.7534
167-SC_184-SC,167,GLY,CA,SC,167,184,THR,HG22,SC,184,20,0,0,0,0,0.1524
167-MC_183-MC,167,GLY,C,MC,167,183,HIS,O,MC,183,28,14,0,0,0,0.8489
168-SC_181-MC,168,LYS,HA,SC,168,181,ILE,O,MC,181,17,30,0,0,0,1.5742
168-SC_182-SC,168,LYS,HA,SC,168,182,SER,HA,SC,182,10,46,27,68,0,3.9807
165-MC_168-SC,165,SER,O,MC,165,168,LYS,HB2,SC,168,15,0,0,0,0,0.075
168-SC_180-SC,168,LYS,HB3,SC,168,180,THR,CG2,SC,180,57,0,0,0,0,0.5731
166-MC_168-SC,166,GLY,O,MC,166,168,LYS,HG2,SC,168,22,10,0,0,0,0.5909
169-SC_183-SC,169,ILE,CG1,SC,169,183,HIS,HB3,SC,183,82,91,3,0,0,4.6738
163-MC_169-SC,163,VAL,O,MC,163,169,ILE,HA,SC,169,19,15,0,0,0,0.7876
169-SC_181-SC,169,ILE,HB,SC,169,181,ILE,HB,SC,181,10,33,6,0,0,1.6115
169-SC_171-SC,169,ILE,HG22,SC,169,171,VAL,CG2,SC,171,33,28,0,0,0,1.3708
170-SC_172-SC,170,LYS,CB,SC,170,172,TYR,CE2,SC,172,54,45,2,0,0,2.6002
170-SC_177-SC,170,LYS,CD,SC,170,177,LEU,HD11,SC,177,80,56,0,0,0,2.8107
170-SC_180-SC,170,LYS,CD,SC,170,180,THR,HG23,SC,180,99,96,65,55,0,4.4327
170-SC_179-MC,170,LYS,HA,SC,170,179,THR,O,MC,179,23,0,0,0,0,0.2369
161-MC_171-SC,161,LYS,O,MC,161,171,VAL,HA,SC,171,4,34,12,0,0,1.4457
171-SC_179-SC,171,VAL,HB,SC,171,179,THR,HG22,SC,179,17,22,0,0,0,0.9231
172-SC_176-MC,172,TYR,CA,SC,172,176,VAL,O,MC,176,53,38,15,0,0,1.9491
172-SC_177-SC,172,TYR,CD1,SC,172,177,LEU,CA,SC,177,84,121,5,0,0,6.3285
172-SC_178-SC,172,TYR,HA,SC,172,178,GLN,HG2,SC,178,5,0,0,0,0,0.0096
173-MC_174-MC,173,TYR,C,MC,173,175,GLY,N,MC,174,14,36,16,0,0,1.5061
173-SC_178-SC,173,TYR,CB,SC,173,178,GLN,CG,SC,178,81,55,0,0,0,3.2132
173-SC_174-SC,173,TYR,CE2,SC,173,174,ASN,ND2,SC,174,32,0,0,0,0,0.1201
159-MC_173-SC,159,GLU,O,MC,159,173,TYR,HA,SC,173,22,6,0,0,0,0.4161
174-MC_175-MC,174,ASN,C,MC,174,176,VAL,H,MC,175,19,21,0,0,0,0.9796
176-MC_177-MC,176,VAL,C,MC,176,177,LEU,O,MC,177,17,18,1,0,0,1.0353
176-SC_178-SC,176,VAL,CG1,SC,176,178,GLN,NE2,SC,178,47,2,0,0,0,0.4514
173-MC_176-SC,173,TYR,O,MC,173,176,VAL,HB,SC,176,15,0,0,0,0,0.0787
176-SC_177-MC,176,VAL,HG12,SC,176,177,LEU,O,MC,177,23,13,0,0,0,0.6971
174-MC_176-SC,174,ASN,O,MC,174,176,VAL,HG23,SC,176,8,0,0,0,0,0.0198
171-MC_177-SC,171,VAL,O,MC,171,177,LEU,HA,SC,177,31,32,0,0,0,1.7469
177-SC_179-MC,177,LEU,HD11,SC,177,179,THR,O,MC,179,22,0,0,0,0,0.186
177-SC_180-SC,177,LEU,HD21,SC,177,180,THR,HG1,SC,180,15,0,0,0,0,0.0583
171-MC_178-SC,171,VAL,O,MC,171,178,GLN,CB,SC,178,27,5,0,0,0,0.4283
172-MC_178-SC,173,TYR,N,MC,172,178,GLN,HG2,SC,178,16,0,0,0,0,0.0768
176-MC_178-SC,176,VAL,O,MC,176,178,GLN,HG2,SC,178,16,42,0,24,0,2.57
179-SC_181-SC,179,THR,HG23,SC,179,181,ILE,HG13,SC,181,18,0,0,0,0,0.0976
169-MC_180-SC,169,ILE,O,MC,169,180,THR,CA,SC,180,1,16,33,0,0,-0.3361
138-MC_181-SC,138,THR,O,MC,138,181,ILE,CD1,SC,181,17,0,0,0,0,0.0369
181-SC_182-MC,181,ILE,HG22,SC,181,182,SER,C,MC,182,30,22,0,0,0,1.2166
181-MC_182-MC,181,ILE,O,MC,181,182,SER,C,MC,182,11,8,0,0,0,0.4419
167-MC_182-SC,167,GLY,O,MC,167,182,SER,HA,SC,182,22,5,0,0,0,0.417
183-SC_188-SC,183,HIS,CD2,SC,183,188,ASN,OD1,SC,188,2,4,0,59,0,1.9862
120-SC_183-SC,120,ASP,OD2,SC,120,183,HIS,CE1,SC,183,19,0,0,0,0,0.0857
184-MC_185-MC,184,THR,C,MC,184,185,SER,O,MC,185,22,6,0,0,0,0.4639
185-MC_186-MC,185,SER,C,MC,185,186,SER,O,MC,186,5,0,0,0,0,0.0256
186-MC_187-MC,186,SER,C,MC,186,188,ASN,N,MC,187,24,13,0,0,0,0.702
88-MC_186-SC,88,TRP,O,MC,88,186,SER,HA,SC,186,5,0,0,0,0,0.0096
186-SC_188-SC,186,SER,HA,SC,186,188,ASN,ND2,SC,188,19,0,0,0,0,0.1085
119-MC_188-SC,119,HIS,O,MC,119,188,ASN,CA,SC,188,2,30,19,0,0,1.0451
187-MC_188-MC,187,GLY,O,MC,187,188,ASN,C,MC,188,6,0,0,0,0,0.0203
88-MC_188-SC,88,TRP,O,MC,88,188,ASN,CB,SC,188,25,43,0,15,0,2.2636
189-SC_191-SC,189,TYR,CD1,SC,189,191,LYS,HG2,SC,191,60,31,0,0,0,1.9125
119-MC_189-SC,119,HIS,O,MC,119,189,TYR,CD2,SC,189,22,0,0,0,0,0.1268
86-MC_189-SC,86,ALA,O,MC,86,189,TYR,HB3,SC,189,21,24,0,0,0,1.2751
190-SC_221-SC,190,PHE,CD2,SC,190,221,VAL,CG2,SC,221,65,3,0,0,0,0.5839
117-MC_190-SC,117,GLN,O,MC,117,190,PHE,HA,SC,190,12,35,2,0,0,1.7011
75-MC_191-SC,75,LEU,O,MC,75,191,LYS,CA,SC,191,53,38,21,0,0,1.6543
16-SC_191-SC,16,TRP,HZ3,SC,16,191,LYS,HA,SC,191,2,0,0,0,0,0.0031
115-MC_192-SC,115,GLY,O,MC,115,192,ALA,HA,SC,192,24,4,0,0,0,0.3625
193-MC_214-SC,193,GLY,C,MC,193,214,VAL,HB,SC,214,51,24,0,0,0,1.249
73-MC_193-SC,73,SER,O,MC,73,193,GLY,HA3,SC,193,11,0,0,0,0,0.0383
56-MC_194-SC,56,PHE,O,MC,56,194,ALA,CB,SC,194,37,1,0,0,0,0.3816
194-SC_214-SC,194,ALA,CB,SC,194,214,VAL,HG23,SC,214,53,15,0,0,0,0.8226
114-MC_194-SC,114,VAL,O,MC,114,194,ALA,HA,SC,194,5,0,0,0,0,0.0094
194-SC_213-MC,194,ALA,HB2,SC,194,214,VAL,H,MC,213,22,0,0,0,0,0.1323
195-SC_197-SC,195,TYR,CG,SC,195,197,GLN,OE1,SC,197,59,38,0,0,0,1.9245
117-SC_195-SC,117,GLN,OE1,SC,117,195,TYR,CD2,SC,195,8,0,0,0,0,0.0165
71-MC_195-SC,71,PRO,O,MC,71,195,TYR,HA,SC,195,27,5,0,0,0,0.4075
114-MC_195-SC,114,VAL,O,MC,114,195,TYR,HB3,SC,195,13,0,0,0,0,0.0452
195-MC_196-MC,195,TYR,O,MC,195,196,THR,C,MC,196,17,1,0,0,0,0.1496
196-MC_197-MC,196,THR,C,MC,196,198,ALA,H,MC,197,5,45,3,16,0,2.3297
58-MC_196-SC,58,ALA,O,MC,58,196,THR,CB,SC,196,1,0,0,60,0,1.7662
196-SC_197-MC,196,THR,HG22,SC,196,198,ALA,H,MC,197,35,0,0,0,0,0.3964
196-SC_198-SC,196,THR,HG22,SC,196,198,ALA,HB3,SC,198,5,0,0,0,0,0.0115
196-SC_198-MC,196,THR,HG22,SC,196,198,ALA,O,MC,198,2,0,0,0,0,0.0026
195-MC_197-SC,195,TYR,O,MC,195,197,GLN,HG2,SC,197,36,3,0,0,0,0.4024
198-SC_202-SC,198,ALA,CA,SC,198,202,ASN,OD1,SC,202,25,15,0,0,0,0.8494
198-SC_203-SC,198,ALA,HB1,SC,198,203,SER,CB,SC,203,14,35,8,0,0,1.6707
110-MC_198-SC,110,LYS,O,MC,110,198,ALA,HB2,SC,198,16,0,0,0,0,0.088
60-MC_199-SC,60,VAL,O,MC,60,199,ASN,CA,SC,199,7,17,34,0,0,-0.2572
199-MC_200-MC,199,ASN,C,MC,199,201,SER,H,MC,200,17,41,4,0,0,1.989
200-MC_201-MC,200,CYS,C,MC,200,202,ASN,N,MC,201,18,1,0,0,0,0.1524
200-SC_203-MC,200,CYS,HA,SC,200,203,SER,O,MC,203,21,19,0,0,0,0.989
200-SC_206-SC,200,CYS,HB3,SC,200,206,CYS,HB2,SC,206,5,0,0,0,0,0.0093
199-SC_201-SC,199,ASN,OD1,SC,199,201,SER,CA,SC,201,9,4,6,74,0,2.6622
108-MC_203-SC,108,GLU,O,MC,108,203,SER,CB,SC,203,1,0,0,65,0,2.1125
199-MC_203-SC,199,ASN,O,MC,199,203,SER,CB,SC,203,24,28,0,0,0,1.6371
204-MC_210-SC,204,SER,C,MC,204,210,ASN,ND2,SC,210,38,0,0,0,0,0.2596
204-SC_205-MC,204,SER,CA,SC,204,205,PRO,C,MC,205,2,19,18,0,0,0.3951
205-MC_206-MC,205,PRO,C,MC,205,207,SER,N,MC,206,8,50,4,13,0,2.6068
205-SC_210-SC,205,PRO,HG2,SC,205,210,ASN,HB2,SC,210,7,0,0,0,0,0.0203
207-MC_208-MC,207,SER,O,MC,207,208,SER,C,MC,208,7,38,15,0,0,1.2954
208-MC_209-MC,208,SER,C,MC,208,210,ASN,H,MC,209,16,12,0,0,0,0.6792
61-SC_208-SC,61,ASN,OD1,SC,61,208,SER,HA,SC,208,34,36,0,13,0,2.017
44-SC_208-SC,44,TRP,HH2,SC,44,208,SER,HB3,SC,208,4,33,10,0,0,1.3974
209-SC_211-SC,209,SER,CA,SC,209,211,TYR,HD2,SC,211,15,0,0,0,0,0.0356
209-MC_211-SC,209,SER,C,MC,209,211,TYR,CD2,SC,211,51,22,0,0,0,1.3735
207-SC_209-SC,207,SER,HG,SC,207,209,SER,CB,SC,209,2,0,0,54,0,1.454
205-MC_210-SC,205,PRO,O,MC,205,210,ASN,CB,SC,210,6,6,0,41,0,1.247
207-MC_210-SC,207,SER,O,MC,207,210,ASN,HB3,SC,210,20,27,0,0,0,1.4469
211-SC_213-SC,211,TYR,CD1,SC,211,213,GLN,HB2,SC,213,46,10,0,0,0,0.7701
208-MC_211-SC,208,SER,O,MC,208,211,TYR,CD2,SC,211,27,0,0,0,0,0.1759
196-SC_212-SC,196,THR,OG1,SC,196,212,GLY,CA,SC,212,25,0,0,0,0,0.2583
211-SC_212-MC,211,TYR,HD1,SC,211,212,GLY,C,MC,212,29,0,0,0,0,0.2811
56-MC_213-SC,56,PHE,O,MC,56,213,GLN,CA,SC,213,4,50,53,0,0,0.915
102-MC_214-SC,102,ALA,O,MC,102,214,VAL,CA,SC,214,39,50,8,0,0,2.5566
214-SC_215-MC,214,VAL,HG12,SC,214,215,SER,C,MC,215,14,0,0,0,0,0.0757
54-MC_215-SC,54,VAL,O,MC,54,215,SER,CA,SC,215,1,15,33,0,0,-0.4166
104-SC_215-SC,104,ASN,OD1,SC,104,215,SER,CB,SC,215,2,0,0,69,0,2.3989
215-SC_217-SC,215,SER,CB,SC,215,217,TYR,CE2,SC,217,61,57,0,0,0,3.1609
216-SC_218-MC,216,LEU,CD1,SC,216,218,LYS,O,MC,218,11,0,0,0,0,0.0238
216-SC_219-SC,216,LEU,CD2,SC,216,219,LEU,HD22,SC,219,51,39,19,0,0,1.787
100-MC_216-SC,100,ARG,O,MC,100,216,LEU,HA,SC,216,18,36,14,0,0,1.6269
48-SC_217-SC,48,ASN,ND2,SC,48,217,TYR,CE1,SC,217,33,0,0,0,0,0.2305
100-MC_217-SC,100,ARG,O,MC,100,217,TYR,HB2,SC,217,7,0,0,0,0,0.018
218-SC_220-SC,218,LYS,CE,SC,218,220,GLN,HE22,SC,220,27,42,55,0,18,-3.7543
99-MC_218-SC,100,ARG,N,MC,99,218,LYS,HB3,SC,218,23,0,0,0,0,0.1329
97-SC_219-SC,97,MET,SD,SC,97,219,LEU,CD1,SC,219,38,13,0,0,0,0.7612
98-MC_219-SC,98,VAL,O,MC,98,219,LEU,HA,SC,219,18,7,0,0,0,0.3655
96-MC_221-SC,96,THR,O,MC,96,221,VAL,CA,SC,221,16,19,35,0,0,-0.3
221-SC_223-SC,221,VAL,CG1,SC,221,223,HIS,CD2,SC,223,61,5,0,0,0,0.6209
77-SC_221-SC,77,GLU,OE2,SC,77,221,VAL,HG11,SC,221,22,19,0,0,0,1.0128
7-SC_39-MC,7,PRO,HD2,SC,7,39,PHE,O,MC,39,0,29,26,0,0,0.6756
20-MC_28-SC,20,LEU,O,MC,20,28,PRO,HB3,SC,28,0,22,28,0,0,0.317
14-MC_33-SC,14,THR,O,MC,14,33,GLN,HG3,SC,33,3,35,15,0,0,1.3905
43-SC_46-SC,43,PRO,HA,SC,43,46,GLN,OE1,SC,46,0,7,43,0,0,-1.9654
47-SC_48-MC,47,VAL,HG12,SC,47,48,ASN,O,MC,48,0,33,19,0,0,1.1127
44-MC_56-SC,44,TRP,O,MC,44,56,PHE,HA,SC,56,0,30,21,0,0,0.9294
59-MC_71-SC,59,ALA,O,MC,59,71,PRO,CG,SC,71,3,23,37,0,0,-0.4718
89-MC_95-SC,89,SER,O,MC,89,95,HIS,CE1,SC,95,12,26,42,0,0,-0.3931
92-MC_95-SC,92,SER,O,MC,92,95,HIS,CE1,SC,95,0,1,57,0,17,-5.5306
107-SC_110-MC,107,PRO,HG2,SC,107,110,LYS,O,MC,110,0,14,38,0,0,-1.3504
112-SC_130-MC,112,HIS,HA,SC,112,130,LEU,O,MC,130,0,18,32,0,0,-0.1584
115-SC_193-MC,115,GLY,HA2,SC,115,193,GLY,O,MC,193,0,17,38,0,0,-0.921
116-SC_192-SC,116,ALA,HA,SC,116,192,ALA,HA,SC,192,0,33,18,0,0,1.1611
111-MC_131-SC,111,PRO,O,MC,111,131,GLU,HA,SC,131,0,19,31,0,0,-0.0326
134-SC_149-MC,134,SER,HA,SC,134,149,THR,O,MC,149,0,24,27,0,0,0.3956
137-MC_145-SC,137,ILE,O,MC,137,145,HIS,HB3,SC,145,0,21,34,0,0,-0.4329
101-MC_157-SC,101,GLU,O,MC,101,157,VAL,HA,SC,157,0,34,16,0,0,1.2721
183-SC_185-SC,183,HIS,CE1,SC,183,185,SER,OG,SC,185,10,27,45,0,0,-0.5362
87-SC_187-SC,87,SER,OG,SC,87,187,GLY,HA2,SC,187,0,13,37,0,0,-0.7948
94-MC_223-SC,94,THR,O,MC,94,223,HIS,HA,SC,223,0,38,15,0,0,1.4143
16-SC_75-MC,16,TRP,HE3,SC,16,76,ARG,N,MC,75,14,0,0,0,0,0.063
16-SC_190-MC,16,TRP,HZ3,SC,16,190,PHE,O,MC,190,10,0,0,0,0,0.0285
16-SC_97-SC,16,TRP,HH2,SC,16,97,MET,SD,SC,97,15,0,0,0,0,0.065
88-SC_89-MC,88,TRP,HE3,SC,88,89,SER,O,MC,89,21,10,0,0,0,0.5742
117-SC_119-SC,117,GLN,NE2,SC,117,119,HIS,HD2,SC,119,31,0,0,0,0,0.2973
129-MC_136-SC,129,ARG,O,MC,129,136,TYR,HD2,SC,136,11,0,0,0,0,0.0365
161-MC_172-SC,161,LYS,O,MC,161,172,TYR,HD2,SC,172,11,0,0,0,0,0.0503
189-SC_190-MC,189,TYR,HD1,SC,189,190,PHE,O,MC,190,14,0,0,0,0,0.0602
70-MC_195-SC,70,TYR,O,MC,70,195,TYR,HE1,SC,195,21,12,0,0,0,0.6315
3-MC_4-MC,3,PRO,C,MC,3,5,ASP,N,MC,4,3,0,0,0,0,0.0081
4-MC_9-SC,5,ASP,N,MC,4,9,GLN,OE1,SC,9,2,24,0,33,0,1.7029
5-MC_9-SC,6,TYR,N,MC,5,9,GLN,OE1,SC,9,3,22,0,26,0,1.5964
10-SC_51-SC,10,GLN,NE2,SC,10,51,CYS,SG,SC,51,39,10,0,0,0,0.6559
10-SC_51-MC,10,GLN,HE22,SC,10,51,CYS,O,MC,51,13,0,0,0,0,0.059
7-MC_10-MC,7,PRO,O,MC,7,11,LEU,H,MC,10,8,30,0,8,0,1.5696
9-MC_10-MC,10,GLN,H,MC,9,11,LEU,H,MC,10,4,1,0,0,0,0.0761
13-MC_15-MC,13,LEU,O,MC,13,16,TRP,N,MC,15,30,10,0,0,0,0.6071
16-MC_76-MC,17,LYS,N,MC,16,76,ARG,O,MC,76,15,32,0,5,0,1.7377
24-MC_26-MC,24,SER,O,MC,24,27,LYS,N,MC,26,1,3,0,43,0,1.156
18-MC_30-MC,18,VAL,O,MC,18,31,ILE,N,MC,30,2,22,0,29,0,1.6249
32-MC_34-MC,32,GLU,O,MC,32,35,ALA,N,MC,34,22,0,0,0,0,0.1279
32-MC_35-MC,32,GLU,O,MC,32,36,LEU,N,MC,35,7,25,0,25,0,1.7883
34-MC_36-MC,34,PRO,O,MC,34,37,ASP,N,MC,36,3,27,0,24,0,1.5915
35-MC_38-MC,35,ALA,O,MC,35,39,PHE,N,MC,38,6,0,0,0,0,0.0102
36-MC_38-MC,36,LEU,O,MC,36,39,PHE,H,MC,38,13,33,0,1,0,1.6931
41-MC_43-MC,41,THR,O,MC,41,44,TRP,N,MC,43,25,21,0,0,0,1.0526
45-MC_55-MC,46,GLN,H,MC,45,55,GLN,O,MC,55,4,34,0,8,0,1.7118
48-SC_52-SC,48,ASN,ND2,SC,48,52,THR,OG1,SC,52,3,20,0,27,0,1.5519
48-SC_50-MC,48,ASN,OD1,SC,48,51,CYS,N,MC,50,24,31,0,0,0,1.5632
51-MC_52-MC,52,THR,H,MC,51,53,GLY,H,MC,52,1,9,1,0,0,0.4905
44-MC_56-MC,44,TRP,O,MC,44,57,ARG,N,MC,56,2,8,0,38,0,1.2773
59-MC_210-MC,60,VAL,N,MC,59,210,ASN,O,MC,210,1,11,0,36,0,1.4145
61-SC_207-MC,61,ASN,ND2,SC,61,208,SER,N,MC,207,23,0,0,0,0,0.1144
59-MC_61-MC,59,ALA,O,MC,59,62,GLY,N,MC,61,3,5,0,41,0,1.231
66-MC_67-MC,66,SER,C,MC,66,68,SER,N,MC,67,5,1,0,0,0,0.0655
65-MC_67-MC,65,THR,O,MC,65,68,SER,H,MC,67,19,11,0,0,0,0.5505
72-SC_191-SC,72,ARG,NH1,SC,72,191,LYS,HZ3,SC,191,23,28,0,0,0,1.6067
72-MC_194-MC,73,SER,N,MC,72,194,ALA,O,MC,194,4,4,0,40,0,1.1014
19-MC_73-MC,19,THR,O,MC,19,74,GLU,N,MC,73,5,10,0,38,0,1.358
76-SC_85-MC,76,ARG,NH2,SC,76,86,ALA,H,MC,85,34,25,0,0,0,1.2333
76-MC_190-MC,77,GLU,N,MC,76,190,PHE,O,MC,190,2,7,0,37,0,1.1251
15-SC_80-MC,15,ASP,OD1,SC,15,81,GLY,N,MC,80,23,38,0,0,0,1.8536
79-MC_82-MC,79,THR,O,MC,79,83,GLU,N,MC,82,27,29,0,0,0,1.417
79-MC_83-MC,79,THR,O,MC,79,84,GLU,H,MC,83,2,32,0,13,0,1.57
87-MC_188-MC,88,TRP,N,MC,87,188,ASN,O,MC,188,4,7,0,39,0,1.2455
87-MC_187-MC,88,TRP,H,MC,87,188,ASN,N,MC,187,7,0,0,0,0,0.0137
89-SC_90-MC,89,SER,OG,SC,89,91,THR,N,MC,90,3,21,0,28,0,1.6134
89-SC_91-MC,89,SER,OG,SC,89,92,SER,N,MC,91,21,38,0,2,0,2.0464
90-MC_91-MC,91,THR,H,MC,90,92,SER,H,MC,91,3,0,0,0,0,0.0403
95-SC_164-MC,95,HIS,HD1,SC,95,164,VAL,O,MC,164,6,0,0,0,0,0.0148
96-MC_162-MC,97,MET,N,MC,96,162,PHE,O,MC,162,3,23,0,25,0,1.6425
99-MC_218-MC,100,ARG,N,MC,99,218,LYS,O,MC,218,3,18,0,31,0,1.5427
100-MC_158-MC,101,GLU,N,MC,100,158,PHE,O,MC,158,6,32,0,14,0,1.7297
101-MC_215-MC,102,ALA,N,MC,101,215,SER,O,MC,215,2,20,0,29,0,1.5512
102-MC_152-SC,103,PHE,N,MC,102,152,TYR,OH,SC,152,2,9,0,35,0,1.2127
103-MC_104-MC,104,ASN,H,MC,103,105,HIS,H,MC,104,5,0,0,0,0,0.0714
104-MC_213-MC,105,HIS,H,MC,104,213,GLN,O,MC,213,20,7,0,0,0,0.4152
112-MC_130-MC,113,LEU,N,MC,112,130,LEU,O,MC,130,4,10,0,40,0,1.4957
114-MC_128-MC,115,GLY,N,MC,114,128,PHE,O,MC,128,3,12,0,36,0,1.3504
114-MC_115-MC,115,GLY,H,MC,114,116,ALA,H,MC,115,5,0,0,0,0,0.0429
116-MC_191-MC,117,GLN,N,MC,116,191,LYS,O,MC,191,2,4,0,42,0,1.1632
117-MC_126-MC,118,ILE,N,MC,117,126,THR,O,MC,126,3,16,0,32,0,1.5215
119-SC_122-MC,119,HIS,CE1,SC,119,123,ASP,N,MC,122,1,0,0,0,0,0.0018
121-MC_122-MC,122,ASP,H,MC,121,123,ASP,H,MC,122,2,0,0,0,0,0.0307
124-MC_125-MC,125,VAL,H,MC,124,126,THR,H,MC,125,6,0,0,0,0,0.0552
118-MC_125-MC,118,ILE,O,MC,118,126,THR,H,MC,125,22,6,0,0,0,0.4185
126-MC_138-SC,127,VAL,N,MC,126,138,THR,OG1,SC,138,2,13,0,42,0,1.6301
116-MC_127-MC,116,ALA,O,MC,116,128,PHE,N,MC,127,1,5,0,41,0,1.0519
111-MC_131-MC,111,PRO,O,MC,111,132,GLY,N,MC,131,5,22,0,24,0,1.5845
132-MC_133-MC,132,GLY,C,MC,132,134,SER,N,MC,133,6,0,0,0,0,0.0527
134-MC_149-MC,135,LEU,N,MC,134,149,THR,O,MC,149,2,7,0,41,0,1.2784
136-MC_146-MC,137,ILE,N,MC,136,146,LYS,O,MC,146,1,0,0,49,0,1.1875
127-MC_137-MC,127,VAL,O,MC,127,138,THR,N,MC,137,1,14,0,35,0,1.4926
139-MC_141-MC,139,LYS,O,MC,139,142,ASP,N,MC,141,2,9,0,39,0,1.3213
142-SC_143-MC,142,ASP,OD1,SC,142,144,HIS,N,MC,143,4,21,0,27,0,1.574
142-MC_144-MC,142,ASP,O,MC,142,145,HIS,H,MC,144,20,10,0,0,0,0.577
143-MC_144-MC,143,THR,C,MC,143,145,HIS,H,MC,144,2,0,0,0,0,0.0057
137-MC_145-MC,137,ILE,O,MC,137,146,LYS,N,MC,145,8,33,0,16,0,1.8181
135-MC_148-MC,135,LEU,O,MC,135,149,THR,H,MC,148,20,8,0,0,0,0.4036
153-MC_155-MC,153,LYS,O,MC,153,156,THR,N,MC,155,4,32,0,14,0,1.6315
152-SC_155-MC,152,TYR,OH,SC,152,156,THR,H,MC,155,2,0,0,0,0,0.0029
101-MC_157-MC,101,GLU,O,MC,101,158,PHE,N,MC,157,2,11,0,35,0,1.2484
160-MC_172-MC,161,LYS,N,MC,160,172,TYR,O,MC,172,5,28,0,18,0,1.5113
97-MC_161-MC,97,MET,O,MC,97,162,PHE,N,MC,161,2,8,0,38,0,1.1715
162-MC_170-MC,163,VAL,N,MC,162,170,LYS,O,MC,170,4,13,0,36,0,1.4286
165-MC_167-MC,165,SER,O,MC,165,168,LYS,N,MC,167,4,21,0,27,0,1.5071
172-MC_176-MC,173,TYR,N,MC,172,176,VAL,O,MC,176,2,14,0,32,0,1.3462
177-MC_178-MC,178,GLN,H,MC,177,179,THR,H,MC,178,7,2,0,0,0,0.1436
171-MC_178-MC,171,VAL,O,MC,171,179,THR,H,MC,178,14,0,0,0,0,0.0701
183-MC_184-MC,184,THR,H,MC,183,185,SER,H,MC,184,7,2,0,0,0,0.1363
88-MC_186-MC,88,TRP,O,MC,88,187,GLY,N,MC,186,19,0,0,0,0,0.1098
119-MC_188-MC,119,HIS,O,MC,119,189,TYR,N,MC,188,1,21,2,37,0,1.8924
117-MC_190-MC,117,GLN,O,MC,117,191,LYS,N,MC,190,6,26,0,24,0,1.6997
75-MC_191-MC,75,LEU,O,MC,75,192,ALA,N,MC,191,19,28,0,0,0,1.5661
115-MC_192-MC,115,GLY,O,MC,115,193,GLY,H,MC,192,4,33,0,11,0,1.6633
71-MC_195-MC,71,PRO,O,MC,71,196,THR,N,MC,195,24,32,0,2,0,1.7337
112-MC_196-MC,112,HIS,O,MC,112,197,GLN,N,MC,196,4,22,0,25,0,1.5303
198-MC_202-SC,199,ASN,N,MC,198,202,ASN,OD1,SC,202,1,9,0,37,0,1.2453
60-MC_199-MC,60,VAL,O,MC,60,200,CYS,N,MC,199,7,0,0,0,0,0.0143
199-MC_201-MC,199,ASN,O,MC,199,202,ASN,N,MC,201,10,35,0,1,0,1.7064
199-SC_201-MC,199,ASN,OD1,SC,199,202,ASN,H,MC,201,2,0,0,0,0,0.003
201-MC_202-MC,202,ASN,H,MC,201,203,SER,H,MC,202,4,1,0,0,0,0.0674
199-MC_202-MC,199,ASN,O,MC,199,203,SER,N,MC,202,25,42,0,0,0,2.2989
207-SC_208-MC,207,SER,HG,SC,207,209,SER,H,MC,208,3,25,3,28,0,1.8694
203-SC_210-SC,203,SER,OG,SC,203,210,ASN,ND2,SC,210,4,17,0,35,0,1.6056
196-SC_211-MC,196,THR,HG1,SC,196,212,GLY,H,MC,211,4,0,0,0,0,0.0133
105-MC_212-MC,105,HIS,O,MC,105,213,GLN,N,MC,212,3,27,0,25,0,1.6457
56-MC_213-MC,56,PHE,O,MC,56,214,VAL,N,MC,213,4,5,0,42,0,1.2295
102-MC_214-MC,102,ALA,O,MC,102,215,SER,N,MC,214,2,3,0,47,0,1.2185
104-SC_214-MC,104,ASN,OD1,SC,104,215,SER,N,MC,214,12,0,0,0,0,0.0426
54-MC_215-MC,54,VAL,O,MC,54,216,LEU,N,MC,215,2,0,0,46,0,1.2505
216-MC_217-MC,217,TYR,H,MC,216,218,LYS,H,MC,217,5,1,0,0,0,0.1035
100-MC_217-MC,100,ARG,O,MC,100,218,LYS,H,MC,217,17,13,0,0,0,0.6089
96-MC_221-MC,96,THR,O,MC,96,222,THR,N,MC,221,3,13,0,35,0,1.4973
94-MC_223-MC,94,THR,O,MC,94,224,SER,N,MC,223,5,28,0,19,0,1.6785
12-SC_13-MC,12,ASP,OD1,SC,12,14,THR,H,MC,13,0,16,0,28,0,1.3499
17-MC_31-MC,18,VAL,H,MC,17,31,ILE,O,MC,31,0,20,0,25,0,1.4912
18-MC_74-MC,19,THR,H,MC,18,74,GLU,O,MC,74,0,10,0,38,0,1.3447
19-MC_29-MC,20,LEU,N,MC,19,29,SER,O,MC,29,0,1,0,50,0,1.3174
35-MC_37-MC,35,ALA,O,MC,35,38,THR,H,MC,37,0,25,0,22,0,1.4385
41-MC_44-MC,41,THR,O,MC,41,45,PHE,H,MC,44,0,3,0,45,0,1.1826
47-MC_53-MC,48,ASN,H,MC,47,53,GLY,O,MC,53,0,16,0,31,0,1.4318
48-MC_50-MC,48,ASN,O,MC,48,51,CYS,H,MC,50,0,10,0,40,0,1.4664
46-MC_54-MC,46,GLN,O,MC,46,55,GLN,N,MC,54,0,1,0,64,0,1.8778
57-MC_212-MC,58,ALA,H,MC,57,212,GLY,O,MC,212,0,15,0,32,0,1.4541
17-MC_75-MC,17,LYS,O,MC,17,76,ARG,N,MC,75,0,4,0,46,0,1.2707
76-SC_86-MC,76,ARG,HH22,SC,76,86,ALA,O,MC,86,0,10,0,34,0,1.1312
78-MC_84-MC,79,THR,N,MC,78,84,GLU,O,MC,84,0,12,6,45,0,1.7754
77-MC_85-MC,77,GLU,O,MC,77,86,ALA,H,MC,85,0,25,0,22,0,1.5678
95-MC_222-MC,96,THR,H,MC,95,222,THR,O,MC,222,0,8,0,38,0,1.2325
98-MC_160-MC,99,PHE,H,MC,98,160,GLY,O,MC,160,0,8,0,40,0,1.198
105-SC_211-MC,105,HIS,HD1,SC,105,211,TYR,O,MC,211,0,8,0,40,0,1.3392
107-MC_210-SC,108,GLU,N,MC,107,210,ASN,OD1,SC,210,0,1,0,54,0,1.4871
113-MC_195-MC,114,VAL,H,MC,113,195,TYR,O,MC,195,0,5,0,44,0,1.3245
119-MC_123-MC,120,ASP,H,MC,119,123,ASP,O,MC,123,0,21,0,28,0,1.6707
120-SC_122-MC,120,ASP,OD1,SC,120,123,ASP,H,MC,122,0,24,0,28,0,1.8563
131-MC_133-MC,131,GLU,O,MC,131,134,SER,H,MC,133,0,8,0,39,0,1.3248
138-MC_142-MC,139,LYS,H,MC,138,142,ASP,O,MC,142,0,35,0,12,0,1.642
135-MC_147-MC,135,LEU,O,MC,135,148,VAL,N,MC,147,0,3,0,64,0,2.0681
158-MC_174-SC,159,GLU,H,MC,158,174,ASN,OD1,SC,174,0,4,0,43,0,1.2146
99-MC_159-MC,99,PHE,O,MC,99,160,GLY,N,MC,159,0,10,0,48,0,1.533
95-MC_163-MC,95,HIS,O,MC,95,164,VAL,N,MC,163,0,1,0,59,0,1.6887
164-MC_168-MC,165,SER,H,MC,164,168,LYS,O,MC,168,0,26,0,22,0,1.7245
90-MC_166-MC,90,ALA,O,MC,90,167,GLY,N,MC,166,0,2,0,59,0,1.8351
168-MC_181-MC,169,ILE,N,MC,168,181,ILE,O,MC,181,0,5,0,55,0,1.7805
170-MC_179-MC,171,VAL,H,MC,170,179,THR,O,MC,179,0,24,0,27,0,1.8316
173-MC_175-MC,173,TYR,O,MC,173,176,VAL,H,MC,175,0,14,0,33,0,1.5192
169-MC_180-MC,169,ILE,O,MC,169,181,ILE,N,MC,180,0,1,0,51,0,1.4165
167-MC_182-MC,167,GLY,O,MC,167,183,HIS,H,MC,182,0,8,0,39,0,1.2844
185-MC_188-SC,185,SER,O,MC,185,188,ASN,ND2,SC,188,1,12,0,43,0,1.5202
88-MC_187-MC,88,TRP,O,MC,88,188,ASN,H,MC,187,0,11,0,35,0,1.2515
114-MC_194-MC,114,VAL,O,MC,114,195,TYR,H,MC,194,0,12,0,38,0,1.4945
69-MC_199-SC,69,GLY,O,MC,69,199,ASN,HD22,SC,199,0,13,0,36,0,1.4904
199-SC_200-MC,199,ASN,OD1,SC,199,201,SER,N,MC,200,0,2,0,47,0,1.2302
207-MC_209-MC,207,SER,O,MC,207,210,ASN,H,MC,209,0,25,0,23,0,1.5788
58-MC_211-MC,58,ALA,O,MC,58,212,GLY,H,MC,211,0,20,0,29,0,1.6113
98-MC_219-MC,98,VAL,O,MC,98,220,GLN,N,MC,219,0,5,0,51,0,1.4056
22-MC_28-MC,22,ILE,O,MC,22,29,SER,H,MC,28,0,1,0,47,0,1.2347
40-MC_45-MC,41,THR,H,MC,40,45,PHE,O,MC,45,0,0,0,51,0,1.2965
48-SC_51-MC,48,ASN,OD1,SC,48,52,THR,H,MC,51,0,0,0,49,0,1.1962
53-MC_216-MC,54,VAL,H,MC,53,216,LEU,O,MC,216,0,2,0,45,0,1.1595
55-MC_214-MC,56,PHE,H,MC,55,214,VAL,O,MC,214,0,0,0,48,0,1.2969
21-MC_62-MC,21,PRO,O,MC,21,63,VAL,H,MC,62,0,0,0,52,0,1.295
74-MC_192-MC,75,LEU,H,MC,74,192,ALA,O,MC,192,0,0,0,59,0,1.6903
15-MC_77-MC,15,ASP,O,MC,15,78,MET,H,MC,77,0,0,0,48,0,1.2276
77-SC_88-SC,77,GLU,OE1,SC,77,88,TRP,HE1,SC,88,0,1,0,47,0,1.2203
94-MC_164-MC,95,HIS,H,MC,94,164,VAL,O,MC,164,0,1,0,48,0,1.1688
97-MC_220-MC,98,VAL,H,MC,97,220,GLN,O,MC,220,0,0,0,54,0,1.4813
103-MC_213-MC,104,ASN,H,MC,103,213,GLN,O,MC,213,0,0,0,57,0,1.5932
118-MC_189-MC,119,HIS,H,MC,118,189,TYR,O,MC,189,0,5,0,41,0,1.2443
120-SC_121-MC,120,ASP,OD1,SC,120,122,ASP,H,MC,121,0,0,0,54,0,1.6067
118-MC_124-MC,118,ILE,O,MC,118,125,VAL,H,MC,124,0,0,0,55,0,1.51
128-MC_136-MC,129,ARG,H,MC,128,136,TYR,O,MC,136,0,0,0,49,0,1.2233
113-MC_129-MC,113,LEU,O,MC,113,130,LEU,H,MC,129,0,0,0,56,0,1.6112
130-MC_134-MC,131,GLU,H,MC,130,134,SER,O,MC,134,0,0,0,50,0,1.2953
129-MC_135-MC,129,ARG,O,MC,129,136,TYR,H,MC,135,0,0,0,60,0,1.8461
125-MC_139-MC,125,VAL,O,MC,125,140,GLY,H,MC,139,0,1,0,45,0,1.2453
149-SC_150-MC,149,THR,OG1,SC,149,151,ASP,H,MC,150,0,2,0,48,0,1.2226
133-MC_151-MC,133,THR,O,MC,133,152,TYR,H,MC,151,0,0,0,52,0,1.4591
103-MC_154-MC,103,PHE,O,MC,103,155,ASN,H,MC,154,0,0,0,57,0,1.5978
163-MC_169-MC,163,VAL,O,MC,163,170,LYS,H,MC,169,0,0,0,53,0,1.3855
161-MC_171-MC,161,LYS,O,MC,161,172,TYR,H,MC,171,0,0,0,49,0,1.3835
159-MC_173-MC,159,GLU,O,MC,159,174,ASN,H,MC,173,0,0,0,60,0,1.8573
171-MC_177-MC,171,VAL,O,MC,171,178,GLN,H,MC,177,0,0,0,65,0,2.0017
73-MC_193-MC,73,SER,O,MC,73,194,ALA,H,MC,193,0,0,0,55,0,1.5521
100-MC_216-MC,100,ARG,O,MC,100,217,TYR,H,MC,216,0,0,0,58,0,1.8164
77-SC_223-SC,77,GLU,OE2,SC,77,223,HIS,HE2,SC,223,0,0,0,58,0,1.6933
4-MC_5-MC,4,CYS,O,MC,4,5,ASP,C,MC,5,1,0,0,0,0,0.0016
15-MC_78-MC,15,ASP,O,MC,15,78,MET,O,MC,78,8,0,0,0,0,0.0165
48-SC_53-MC,48,ASN,OD1,SC,48,53,GLY,O,MC,53,3,0,0,0,0,0.0045
58-MC_59-MC,58,ALA,O,MC,58,59,ALA,C,MC,59,3,0,0,0,0,0.0074
65-MC_68-MC,65,THR,O,MC,65,68,SER,O,MC,68,26,10,0,0,0,0.6401
74-SC_117-SC,74,GLU,OE2,SC,74,117,GLN,OE1,SC,117,23,22,0,0,0,1.1299
89-SC_91-SC,89,SER,OG,SC,89,91,THR,OG1,SC,91,21,0,0,0,0,0.0717
99-MC_160-MC,99,PHE,O,MC,99,160,GLY,O,MC,160,3,0,0,0,0,0.0044
102-MC_103-MC,102,ALA,O,MC,102,103,PHE,C,MC,103,1,0,0,0,0,0.005
119-MC_189-MC,119,HIS,O,MC,119,189,TYR,O,MC,189,5,0,0,0,0,0.0089
120-SC_123-MC,120,ASP,OD1,SC,120,123,ASP,O,MC,123,18,0,0,0,0,0.1392
120-SC_185-SC,120,ASP,OD2,SC,120,185,SER,HG,SC,185,12,32,0,6,0,1.6588
137-MC_138-MC,137,ILE,O,MC,137,138,THR,C,MC,138,5,0,0,0,0,0.0156
165-MC_168-MC,165,SER,O,MC,165,168,LYS,O,MC,168,15,0,0,0,0,0.0568
199-MC_202-SC,199,ASN,O,MC,199,202,ASN,OD1,SC,202,17,0,0,0,0,0.0713
133-SC_150-MC,133,THR,HG1,SC,133,150,SER,O,MC,150,0,0,0,49,0,1.2796
