Res1,Res1A,Int,Res2,Res2A
2,RES,W,457,WAT
3,RES,R,7,RES
3,RES,R,8,RES
2,RES,R,3,RES
3,RES,R,4,RES
4,RES,R,6,RES
4,RES,R,8,RES
4,RES,W,450,WAT
4,RES,W,503,WAT
4,RES,R,5,RES
4,RES,W,422,WAT
5,RES,R,8,RES
5,RES,R,7,RES
5,RES,W,450,WAT
5,RES,R,37,RES
5,RES,R,38,RES
5,RES,R,9,RES
5,RES,R,68,RES
6,RES,R,69,RES
5,RES,R,6,RES
6,RES,R,8,RES
6,RES,R,98,RES
6,RES,R,68,RES
6,RES,R,9,RES
6,RES,R,7,RES
7,RES,R,9,RES
4,RES,R,7,RES
7,RES,R,98,RES
7,RES,R,10,RES
7,RES,R,8,RES
8,RES,R,10,RES
8,RES,R,11,RES
8,RES,W,421,WAT
8,RES,R,32,RES
8,RES,W,444,WAT
8,RES,R,9,RES
9,RES,R,11,RES
9,RES,R,32,RES
9,RES,R,29,RES
9,RES,R,39,RES
9,RES,R,10,RES
9,RES,R,102,RES
10,RES,R,12,RES
6,RES,R,10,RES
10,RES,R,14,RES
10,RES,R,101,RES
10,RES,R,102,RES
10,RES,R,98,RES
10,RES,R,11,RES
11,RES,R,13,RES
7,RES,R,11,RES
11,RES,W,421,WAT
11,RES,R,14,RES
11,RES,R,12,RES
12,RES,R,14,RES
12,RES,R,15,RES
12,RES,R,32,RES
12,RES,R,28,RES
12,RES,R,16,RES
8,RES,R,12,RES
9,RES,R,12,RES
12,RES,R,13,RES
13,RES,R,15,RES
13,RES,R,16,RES
13,RES,R,102,RES
13,RES,R,17,RES
13,RES,R,25,RES
13,RES,R,105,RES
13,RES,R,29,RES
13,RES,R,28,RES
10,RES,R,13,RES
13,RES,R,14,RES
9,RES,R,13,RES
14,RES,R,105,RES
15,RES,R,16,RES
11,RES,R,15,RES
16,RES,R,17,RES
17,RES,R,24,RES
17,RES,R,25,RES
17,RES,R,18,RES
17,RES,R,28,RES
17,RES,R,105,RES
18,RES,R,19,RES
18,RES,R,21,RES
18,RES,R,24,RES
19,RES,R,105,RES
19,RES,R,21,RES
17,RES,R,19,RES
19,RES,W,475,WAT
20,RES,R,105,RES
19,RES,R,20,RES
20,RES,R,107,RES
21,RES,R,23,RES
21,RES,R,24,RES
21,RES,W,479,WAT
21,RES,R,22,RES
22,RES,R,24,RES
22,RES,R,25,RES
22,RES,R,78,RES
22,RES,W,479,WAT
22,RES,R,106,RES
22,RES,R,74,RES
22,RES,W,405,WAT
22,RES,R,23,RES
23,RES,R,25,RES
23,RES,R,27,RES
23,RES,R,26,RES
23,RES,R,24,RES
24,RES,R,26,RES
24,RES,W,487,WAT
24,RES,R,25,RES
25,RES,R,27,RES
25,RES,R,28,RES
25,RES,R,102,RES
25,RES,R,105,RES
25,RES,R,106,RES
25,RES,R,26,RES
25,RES,R,29,RES
26,RES,R,28,RES
26,RES,R,75,RES
26,RES,R,78,RES
26,RES,R,71,RES
26,RES,R,27,RES
26,RES,R,74,RES
27,RES,R,29,RES
27,RES,W,453,WAT
27,RES,R,30,RES
27,RES,W,494,WAT
24,RES,R,27,RES
27,RES,R,28,RES
28,RES,R,30,RES
24,RES,R,28,RES
28,RES,W,434,WAT
28,RES,W,435,WAT
28,RES,R,29,RES
29,RES,R,31,RES
29,RES,R,71,RES
29,RES,R,41,RES
29,RES,R,102,RES
26,RES,R,29,RES
29,RES,R,30,RES
30,RES,R,200,RES
30,RES,R,32,RES
30,RES,R,33,RES
26,RES,R,30,RES
30,RES,R,71,RES
30,RES,W,494,WAT
30,RES,R,34,RES
30,RES,R,31,RES
31,RES,R,33,RES
27,RES,R,31,RES
31,RES,R,35,RES
31,RES,R,34,RES
28,RES,R,31,RES
31,RES,R,32,RES
31,RES,W,434,WAT
32,RES,R,34,RES
32,RES,R,35,RES
28,RES,R,32,RES
32,RES,R,36,RES
32,RES,R,37,RES
29,RES,R,32,RES
32,RES,R,33,RES
33,RES,R,37,RES
33,RES,R,35,RES
29,RES,R,33,RES
33,RES,R,200,RES
33,RES,R,34,RES
34,RES,R,200,RES
35,RES,R,36,RES
34,RES,R,35,RES
36,RES,R,37,RES
37,RES,R,38,RES
8,RES,R,37,RES
37,RES,W,449,WAT
38,RES,W,449,WAT
38,RES,R,39,RES
38,RES,R,199,RES
38,RES,R,200,RES
38,RES,R,201,RES
38,RES,R,40,RES
38,RES,S,302,SUB
33,RES,R,38,RES
39,RES,W,401,WAT
39,RES,R,40,RES
39,RES,R,68,RES
33,RES,R,39,RES
39,RES,R,41,RES
40,RES,R,199,RES
40,RES,R,41,RES
40,RES,S,301,SUB
40,RES,R,68,RES
40,RES,S,302,SUB
40,RES,W,401,WAT
40,RES,R,143,RES
41,RES,R,43,RES
41,RES,S,301,SUB
41,RES,R,200,RES
41,RES,R,71,RES
42,RES,R,43,RES
42,RES,R,199,RES
42,RES,S,301,SUB
42,RES,R,71,RES
42,RES,R,139,RES
42,RES,R,72,RES
42,RES,R,50,RES
42,RES,R,46,RES
42,RES,R,169,RES
43,RES,R,71,RES
43,RES,W,413,WAT
43,RES,R,45,RES
30,RES,R,43,RES
44,RES,R,71,RES
43,RES,R,44,RES
44,RES,R,46,RES
44,RES,R,47,RES
44,RES,R,75,RES
30,RES,R,44,RES
44,RES,W,494,WAT
44,RES,R,45,RES
45,RES,R,47,RES
45,RES,R,48,RES
45,RES,W,466,WAT
45,RES,R,46,RES
45,RES,W,413,WAT
45,RES,R,197,RES
46,RES,R,48,RES
46,RES,R,49,RES
46,RES,R,207,RES
46,RES,R,197,RES
46,RES,R,169,RES
46,RES,R,199,RES
46,RES,W,413,WAT
46,RES,R,196,RES
46,RES,R,205,RES
46,RES,R,198,RES
43,RES,R,47,RES
47,RES,R,75,RES
46,RES,R,47,RES
47,RES,R,49,RES
47,RES,R,50,RES
47,RES,R,48,RES
48,RES,R,50,RES
48,RES,R,51,RES
48,RES,W,419,WAT
44,RES,R,48,RES
48,RES,W,471,WAT
48,RES,R,49,RES
49,RES,R,51,RES
49,RES,R,194,RES
49,RES,R,207,RES
49,RES,R,196,RES
49,RES,W,451,WAT
49,RES,W,492,WAT
49,RES,W,460,WAT
49,RES,R,50,RES
50,RES,R,52,RES
50,RES,R,76,RES
50,RES,R,167,RES
50,RES,R,51,RES
46,RES,R,50,RES
51,RES,R,79,RES
51,RES,R,53,RES
51,RES,W,491,WAT
47,RES,R,51,RES
51,RES,R,75,RES
51,RES,R,78,RES
51,RES,R,52,RES
51,RES,W,471,WAT
52,RES,R,54,RES
52,RES,R,55,RES
49,RES,R,52,RES
52,RES,R,53,RES
53,RES,R,55,RES
53,RES,R,56,RES
53,RES,R,167,RES
53,RES,R,165,RES
50,RES,R,53,RES
53,RES,R,137,RES
53,RES,R,57,RES
53,RES,R,209,RES
53,RES,R,54,RES
54,RES,R,56,RES
54,RES,R,57,RES
50,RES,R,54,RES
54,RES,R,80,RES
54,RES,R,62,RES
54,RES,R,76,RES
54,RES,R,59,RES
54,RES,R,137,RES
51,RES,R,54,RES
54,RES,R,55,RES
54,RES,R,79,RES
55,RES,R,58,RES
55,RES,R,57,RES
51,RES,R,55,RES
55,RES,W,495,WAT
55,RES,R,79,RES
55,RES,R,56,RES
56,RES,R,57,RES
52,RES,R,56,RES
57,RES,R,59,RES
57,RES,R,165,RES
57,RES,W,506,WAT
57,RES,W,446,WAT
54,RES,R,58,RES
58,RES,R,59,RES
57,RES,R,58,RES
58,RES,W,448,WAT
58,RES,W,433,WAT
59,RES,R,136,RES
59,RES,R,137,RES
59,RES,R,62,RES
59,RES,R,80,RES
60,RES,R,136,RES
60,RES,R,61,RES
60,RES,W,488,WAT
60,RES,R,84,RES
61,RES,R,135,RES
61,RES,R,85,RES
61,RES,R,132,RES
61,RES,W,445,WAT
62,RES,R,86,RES
62,RES,R,63,RES
62,RES,R,137,RES
62,RES,R,76,RES
62,RES,R,80,RES
63,RES,R,135,RES
63,RES,R,64,RES
63,RES,R,87,RES
63,RES,R,89,RES
63,RES,R,65,RES
63,RES,R,126,RES
63,RES,R,154,RES
63,RES,R,138,RES
64,RES,R,88,RES
64,RES,R,65,RES
64,RES,R,86,RES
64,RES,R,66,RES
64,RES,R,72,RES
64,RES,R,139,RES
64,RES,R,76,RES
65,RES,R,142,RES
65,RES,R,89,RES
65,RES,R,140,RES
65,RES,R,123,RES
65,RES,R,119,RES
65,RES,R,150,RES
66,RES,R,142,RES
66,RES,S,301,SUB
67,RES,W,403,WAT
67,RES,S,301,SUB
67,RES,R,90,RES
64,RES,R,67,RES
67,RES,R,99,RES
67,RES,R,88,RES
68,RES,R,95,RES
68,RES,S,301,SUB
67,RES,R,68,RES
68,RES,R,70,RES
68,RES,R,99,RES
41,RES,R,68,RES
68,RES,R,69,RES
68,RES,W,402,WAT
69,RES,R,98,RES
69,RES,W,402,WAT
69,RES,R,99,RES
41,RES,R,69,RES
69,RES,R,102,RES
70,RES,R,73,RES
70,RES,R,99,RES
70,RES,W,403,WAT
70,RES,R,72,RES
70,RES,R,71,RES
71,RES,R,73,RES
71,RES,W,402,WAT
71,RES,R,72,RES
71,RES,R,75,RES
72,RES,R,75,RES
72,RES,R,74,RES
72,RES,R,76,RES
72,RES,R,139,RES
72,RES,S,301,SUB
73,RES,R,86,RES
72,RES,R,73,RES
73,RES,R,75,RES
73,RES,R,88,RES
73,RES,W,403,WAT
64,RES,R,73,RES
73,RES,R,74,RES
74,RES,R,76,RES
70,RES,R,74,RES
74,RES,R,106,RES
74,RES,R,108,RES
71,RES,R,74,RES
74,RES,R,75,RES
74,RES,R,102,RES
74,RES,R,103,RES
75,RES,R,78,RES
75,RES,R,76,RES
76,RES,R,78,RES
76,RES,R,139,RES
76,RES,R,86,RES
77,RES,R,80,RES
77,RES,R,79,RES
73,RES,R,77,RES
77,RES,R,108,RES
77,RES,R,112,RES
77,RES,R,111,RES
77,RES,R,78,RES
78,RES,R,80,RES
78,RES,R,79,RES
74,RES,R,78,RES
76,RES,R,79,RES
79,RES,R,80,RES
80,RES,R,81,RES
80,RES,W,432,WAT
80,RES,W,448,WAT
80,RES,R,111,RES
80,RES,R,84,RES
76,RES,R,80,RES
80,RES,R,86,RES
81,RES,R,82,RES
81,RES,R,111,RES
82,RES,R,111,RES
82,RES,R,84,RES
82,RES,W,489,WAT
83,RES,R,84,RES
81,RES,R,84,RES
84,RES,W,455,WAT
85,RES,R,111,RES
85,RES,R,87,RES
84,RES,R,85,RES
85,RES,W,455,WAT
86,RES,R,87,RES
86,RES,R,88,RES
86,RES,R,112,RES
87,RES,R,88,RES
87,RES,R,132,RES
87,RES,R,113,RES
87,RES,R,115,RES
88,RES,R,114,RES
88,RES,R,112,RES
89,RES,S,301,SUB
88,RES,R,89,RES
89,RES,R,90,RES
89,RES,R,117,RES
89,RES,R,122,RES
89,RES,R,119,RES
89,RES,R,115,RES
90,RES,S,301,SUB
90,RES,R,92,RES
90,RES,R,117,RES
90,RES,R,91,RES
90,RES,R,95,RES
90,RES,R,96,RES
90,RES,R,114,RES
91,RES,R,117,RES
91,RES,S,301,SUB
91,RES,R,92,RES
91,RES,R,118,RES
92,RES,R,94,RES
92,RES,R,93,RES
92,RES,R,95,RES
93,RES,R,96,RES
93,RES,R,95,RES
93,RES,R,94,RES
93,RES,R,116,RES
91,RES,R,93,RES
94,RES,R,96,RES
94,RES,R,97,RES
94,RES,R,95,RES
95,RES,R,97,RES
95,RES,R,98,RES
95,RES,R,96,RES
96,RES,R,114,RES
96,RES,R,98,RES
92,RES,R,96,RES
96,RES,R,116,RES
96,RES,R,99,RES
96,RES,R,97,RES
97,RES,R,99,RES
97,RES,R,100,RES
93,RES,R,97,RES
97,RES,R,98,RES
98,RES,R,100,RES
98,RES,R,99,RES
99,RES,R,101,RES
99,RES,R,102,RES
95,RES,R,99,RES
99,RES,R,114,RES
99,RES,R,100,RES
100,RES,R,102,RES
96,RES,R,100,RES
100,RES,R,103,RES
100,RES,R,114,RES
100,RES,R,101,RES
101,RES,W,459,WAT
101,RES,R,103,RES
101,RES,R,104,RES
101,RES,W,470,WAT
98,RES,R,101,RES
101,RES,R,102,RES
97,RES,R,101,RES
102,RES,R,104,RES
98,RES,R,102,RES
102,RES,R,103,RES
103,RES,R,105,RES
103,RES,R,106,RES
99,RES,R,103,RES
103,RES,R,109,RES
103,RES,R,112,RES
103,RES,R,104,RES
103,RES,R,108,RES
104,RES,R,106,RES
104,RES,R,107,RES
100,RES,R,104,RES
104,RES,W,470,WAT
104,RES,R,109,RES
104,RES,W,418,WAT
104,RES,R,105,RES
104,RES,W,459,WAT
105,RES,R,107,RES
101,RES,R,105,RES
102,RES,R,105,RES
105,RES,R,106,RES
106,RES,R,108,RES
102,RES,R,106,RES
107,RES,W,418,WAT
107,RES,R,108,RES
108,RES,R,110,RES
108,RES,R,109,RES
109,RES,R,111,RES
109,RES,R,112,RES
109,RES,W,418,WAT
109,RES,R,110,RES
109,RES,W,414,WAT
109,RES,W,437,WAT
110,RES,R,112,RES
110,RES,R,111,RES
110,RES,W,469,WAT
110,RES,W,480,WAT
111,RES,R,112,RES
84,RES,R,111,RES
111,RES,W,489,WAT
108,RES,R,111,RES
112,RES,R,113,RES
112,RES,W,437,WAT
108,RES,R,112,RES
113,RES,R,114,RES
113,RES,W,438,WAT
114,RES,R,115,RES
114,RES,W,438,WAT
115,RES,R,116,RES
115,RES,R,122,RES
115,RES,R,130,RES
115,RES,W,410,WAT
116,RES,R,117,RES
90,RES,R,116,RES
117,RES,R,122,RES
117,RES,R,118,RES
118,RES,R,120,RES
118,RES,R,121,RES
118,RES,S,301,SUB
118,RES,W,440,WAT
118,RES,R,119,RES
119,RES,R,121,RES
119,RES,R,122,RES
119,RES,R,123,RES
119,RES,R,150,RES
119,RES,S,301,SUB
119,RES,R,120,RES
120,RES,R,146,RES
120,RES,R,153,RES
120,RES,R,121,RES
121,RES,R,124,RES
121,RES,W,440,WAT
121,RES,R,122,RES
122,RES,R,124,RES
118,RES,R,122,RES
122,RES,R,126,RES
122,RES,R,130,RES
123,RES,R,125,RES
123,RES,R,153,RES
123,RES,R,124,RES
123,RES,R,154,RES
123,RES,R,159,RES
123,RES,R,150,RES
123,RES,R,126,RES
124,RES,R,126,RES
120,RES,R,124,RES
124,RES,R,153,RES
124,RES,R,157,RES
122,RES,R,125,RES
125,RES,R,128,RES
125,RES,W,456,WAT
125,RES,R,127,RES
125,RES,R,129,RES
121,RES,R,125,RES
125,RES,W,430,WAT
126,RES,R,130,RES
125,RES,R,126,RES
126,RES,R,132,RES
126,RES,R,159,RES
126,RES,W,429,WAT
126,RES,R,127,RES
127,RES,R,132,RES
127,RES,R,157,RES
127,RES,R,128,RES
127,RES,W,456,WAT
127,RES,R,159,RES
127,RES,W,429,WAT
128,RES,W,456,WAT
128,RES,R,129,RES
129,RES,R,130,RES
130,RES,R,132,RES
85,RES,R,131,RES
130,RES,R,131,RES
131,RES,R,132,RES
132,RES,R,133,RES
132,RES,R,135,RES
132,RES,R,159,RES
132,RES,W,445,WAT
132,RES,R,134,RES
133,RES,R,134,RES
134,RES,R,161,RES
134,RES,R,159,RES
134,RES,R,135,RES
134,RES,R,158,RES
135,RES,R,138,RES
135,RES,R,154,RES
135,RES,R,159,RES
136,RES,R,164,RES
61,RES,R,136,RES
136,RES,R,161,RES
136,RES,W,446,WAT
137,RES,R,165,RES
137,RES,R,138,RES
136,RES,R,137,RES
137,RES,R,167,RES
138,RES,R,139,RES
138,RES,R,166,RES
138,RES,R,154,RES
138,RES,R,140,RES
139,RES,R,140,RES
139,RES,R,167,RES
139,RES,R,169,RES
139,RES,R,141,RES
139,RES,S,301,SUB
140,RES,R,166,RES
140,RES,R,147,RES
140,RES,R,168,RES
140,RES,R,167,RES
140,RES,R,151,RES
140,RES,R,142,RES
65,RES,R,141,RES
140,RES,R,141,RES
141,RES,S,301,SUB
141,RES,R,169,RES
141,RES,S,300,MG
141,RES,W,411,WAT
141,RES,R,144,RES
141,RES,R,147,RES
142,RES,R,143,RES
142,RES,S,301,SUB
119,RES,R,142,RES
142,RES,R,146,RES
142,RES,R,147,RES
143,RES,R,145,RES
143,RES,S,301,SUB
143,RES,W,442,WAT
143,RES,W,467,WAT
143,RES,R,144,RES
144,RES,R,146,RES
144,RES,R,147,RES
144,RES,R,175,RES
142,RES,R,144,RES
144,RES,R,170,RES
144,RES,S,302,SUB
144,RES,W,442,WAT
144,RES,R,174,RES
144,RES,R,145,RES
145,RES,R,147,RES
145,RES,W,404,WAT
146,RES,R,148,RES
146,RES,R,149,RES
143,RES,R,146,RES
146,RES,W,415,WAT
146,RES,W,441,WAT
146,RES,R,150,RES
146,RES,S,301,SUB
147,RES,R,179,RES
147,RES,R,168,RES
147,RES,R,176,RES
147,RES,R,169,RES
147,RES,R,148,RES
147,RES,W,404,WAT
148,RES,R,150,RES
148,RES,W,404,WAT
148,RES,R,152,RES
148,RES,R,182,RES
148,RES,R,178,RES
148,RES,R,151,RES
148,RES,R,179,RES
148,RES,R,149,RES
148,RES,W,468,WAT
149,RES,W,417,WAT
149,RES,R,151,RES
145,RES,R,149,RES
149,RES,R,152,RES
149,RES,W,499,WAT
150,RES,R,153,RES
149,RES,R,150,RES
150,RES,R,152,RES
150,RES,R,151,RES
151,RES,R,153,RES
147,RES,R,151,RES
151,RES,R,166,RES
151,RES,R,154,RES
151,RES,R,152,RES
152,RES,R,154,RES
152,RES,W,509,WAT
152,RES,R,182,RES
152,RES,W,499,WAT
152,RES,R,153,RES
153,RES,R,155,RES
149,RES,R,153,RES
153,RES,R,157,RES
153,RES,R,156,RES
153,RES,W,509,WAT
153,RES,R,154,RES
153,RES,W,417,WAT
154,RES,R,156,RES
154,RES,R,157,RES
154,RES,R,160,RES
150,RES,R,154,RES
154,RES,R,159,RES
154,RES,R,155,RES
155,RES,R,157,RES
155,RES,R,158,RES
155,RES,R,160,RES
155,RES,R,212,RES
155,RES,W,406,WAT
151,RES,R,155,RES
152,RES,R,155,RES
155,RES,R,156,RES
156,RES,R,158,RES
152,RES,R,156,RES
156,RES,W,509,WAT
156,RES,R,157,RES
157,RES,R,159,RES
158,RES,W,406,WAT
157,RES,R,158,RES
158,RES,R,160,RES
159,RES,W,429,WAT
133,RES,R,159,RES
160,RES,W,406,WAT
160,RES,R,212,RES
160,RES,R,164,RES
160,RES,R,166,RES
161,RES,R,162,RES
161,RES,R,212,RES
161,RES,W,407,WAT
161,RES,W,408,WAT
161,RES,R,164,RES
162,RES,R,164,RES
162,RES,R,163,RES
162,RES,R,212,RES
162,RES,R,213,RES
161,RES,R,163,RES
163,RES,R,211,RES
163,RES,W,506,WAT
163,RES,R,164,RES
135,RES,R,164,RES
164,RES,R,165,RES
164,RES,R,212,RES
165,RES,R,166,RES
165,RES,R,209,RES
165,RES,R,211,RES
163,RES,R,165,RES
166,RES,R,210,RES
166,RES,R,189,RES
167,RES,R,207,RES
167,RES,R,209,RES
167,RES,R,168,RES
167,RES,R,208,RES
168,RES,R,169,RES
168,RES,R,171,RES
168,RES,R,179,RES
168,RES,R,208,RES
169,RES,R,207,RES
169,RES,R,170,RES
169,RES,R,171,RES
170,RES,R,173,RES
170,RES,R,172,RES
170,RES,R,174,RES
170,RES,S,302,SUB
170,RES,R,171,RES
171,RES,R,175,RES
171,RES,R,180,RES
171,RES,R,172,RES
171,RES,R,193,RES
171,RES,R,176,RES
171,RES,R,208,RES
171,RES,R,206,RES
172,RES,R,175,RES
172,RES,R,193,RES
172,RES,R,173,RES
172,RES,R,205,RES
172,RES,R,206,RES
172,RES,R,204,RES
173,RES,R,175,RES
173,RES,R,174,RES
174,RES,S,302,SUB
170,RES,R,175,RES
175,RES,R,177,RES
176,RES,W,423,WAT
176,RES,R,178,RES
176,RES,R,179,RES
176,RES,R,177,RES
177,RES,R,179,RES
177,RES,R,178,RES
177,RES,R,180,RES
178,RES,W,427,WAT
178,RES,R,180,RES
178,RES,R,181,RES
178,RES,W,428,WAT
178,RES,R,179,RES
179,RES,R,181,RES
179,RES,R,182,RES
179,RES,R,180,RES
151,RES,R,179,RES
179,RES,R,183,RES
180,RES,R,183,RES
180,RES,R,182,RES
180,RES,R,208,RES
180,RES,R,181,RES
180,RES,R,184,RES
176,RES,R,180,RES
180,RES,W,478,WAT
181,RES,R,183,RES
177,RES,R,181,RES
181,RES,W,428,WAT
181,RES,R,182,RES
182,RES,R,184,RES
178,RES,R,182,RES
182,RES,R,183,RES
182,RES,W,412,WAT
182,RES,W,462,WAT
183,RES,R,185,RES
183,RES,R,186,RES
183,RES,R,191,RES
183,RES,R,184,RES
183,RES,R,189,RES
183,RES,R,210,RES
184,RES,R,186,RES
184,RES,R,191,RES
184,RES,W,510,WAT
181,RES,R,185,RES
184,RES,R,185,RES
185,RES,R,186,RES
186,RES,R,188,RES
182,RES,R,186,RES
186,RES,R,189,RES
186,RES,R,187,RES
187,RES,R,189,RES
187,RES,W,426,WAT
188,RES,R,189,RES
188,RES,R,213,RES
188,RES,R,214,RES
188,RES,R,212,RES
189,RES,R,211,RES
189,RES,R,213,RES
189,RES,R,210,RES
189,RES,R,212,RES
189,RES,R,191,RES
190,RES,R,213,RES
190,RES,W,425,WAT
190,RES,R,211,RES
190,RES,R,191,RES
191,RES,R,209,RES
191,RES,R,192,RES
191,RES,R,210,RES
191,RES,R,208,RES
192,RES,R,193,RES
192,RES,R,194,RES
192,RES,W,472,WAT
192,RES,R,209,RES
193,RES,R,208,RES
193,RES,R,194,RES
184,RES,R,193,RES
193,RES,R,195,RES
193,RES,R,206,RES
193,RES,R,207,RES
193,RES,W,463,WAT
194,RES,R,209,RES
194,RES,R,207,RES
194,RES,W,454,WAT
194,RES,R,195,RES
195,RES,R,196,RES
195,RES,W,481,WAT
195,RES,R,205,RES
195,RES,R,206,RES
195,RES,R,204,RES
196,RES,R,197,RES
196,RES,R,205,RES
196,RES,W,420,WAT
196,RES,W,493,WAT
197,RES,R,203,RES
197,RES,R,198,RES
197,RES,R,205,RES
197,RES,W,443,WAT
197,RES,R,202,RES
197,RES,R,204,RES
197,RES,R,201,RES
198,RES,R,205,RES
198,RES,R,199,RES
198,RES,R,203,RES
173,RES,R,198,RES
198,RES,R,201,RES
199,RES,R,200,RES
199,RES,R,201,RES
41,RES,R,199,RES
199,RES,S,302,SUB
199,RES,W,413,WAT
199,RES,W,436,WAT
39,RES,R,199,RES
200,RES,R,201,RES
39,RES,R,200,RES
201,RES,R,202,RES
201,RES,R,203,RES
202,RES,R,203,RES
202,RES,W,505,WAT
203,RES,R,204,RES
173,RES,R,203,RES
204,RES,R,205,RES
196,RES,R,204,RES
204,RES,W,481,WAT
173,RES,R,205,RES
194,RES,R,206,RES
206,RES,R,207,RES
168,RES,R,207,RES
139,RES,R,207,RES
208,RES,R,209,RES
184,RES,R,208,RES
192,RES,R,208,RES
179,RES,R,208,RES
209,RES,R,210,RES
209,RES,R,211,RES
209,RES,W,409,WAT
190,RES,R,210,RES
211,RES,R,212,RES
164,RES,R,211,RES
211,RES,W,409,WAT
211,RES,W,473,WAT
212,RES,R,214,RES
212,RES,R,213,RES
211,RES,R,213,RES
187,RES,R,213,RES
214,RES,R,215,RES
188,RES,R,215,RES
212,RES,R,215,RES
301,SUB,W,441,WAT
301,SUB,W,411,WAT
301,SUB,S,302,SUB
117,RES,S,301,SUB
21,RES,R,25,RES
22,RES,R,26,RES
41,RES,R,42,RES
49,RES,R,53,RES
71,RES,S,301,SUB
76,RES,R,77,RES
122,RES,R,123,RES
146,RES,R,147,RES
170,RES,R,205,RES
181,RES,W,427,WAT
198,RES,S,302,SUB
205,RES,R,206,RES
166,RES,R,209,RES
300,MG,S,302,SUB
68,RES,W,401,WAT
143,RES,W,441,WAT
212,RES,W,431,WAT
125,RES,R,130,RES
189,RES,W,412,WAT
5,RES,W,401,WAT
5,RES,W,483,WAT
14,RES,R,16,RES
23,RES,W,405,WAT
42,RES,W,411,WAT
46,RES,R,170,RES
48,RES,W,491,WAT
63,RES,R,137,RES
67,RES,R,69,RES
67,RES,R,70,RES
70,RES,W,402,WAT
69,RES,R,70,RES
69,RES,R,71,RES
73,RES,R,76,RES
74,RES,R,77,RES
81,RES,W,432,WAT
85,RES,R,130,RES
88,RES,R,113,RES
90,RES,R,115,RES
103,RES,R,107,RES
108,RES,W,418,WAT
107,RES,R,109,RES
120,RES,R,122,RES
121,RES,R,123,RES
125,RES,W,496,WAT
126,RES,R,128,RES
124,RES,R,128,RES
127,RES,R,129,RES
128,RES,R,130,RES
126,RES,R,131,RES
135,RES,R,137,RES
61,RES,R,137,RES
138,RES,R,165,RES
141,RES,R,142,RES
144,RES,W,467,WAT
145,RES,W,467,WAT
145,RES,R,146,RES
146,RES,W,500,WAT
154,RES,R,158,RES
159,RES,W,406,WAT
170,RES,R,206,RES
178,RES,W,423,WAT
179,RES,W,423,WAT
184,RES,W,463,WAT
184,RES,W,461,WAT
187,RES,R,188,RES
191,RES,W,425,WAT
198,RES,R,200,RES
201,RES,W,443,WAT
201,RES,W,416,WAT
202,RES,R,204,RES
213,RES,R,214,RES
120,RES,S,301,SUB
12,RES,W,476,WAT
41,RES,W,402,WAT
48,RES,R,52,RES
58,RES,W,495,WAT
64,RES,R,87,RES
68,RES,R,90,RES
60,RES,R,85,RES
94,RES,R,98,RES
86,RES,R,113,RES
116,RES,W,410,WAT
120,RES,W,498,WAT
127,RES,W,465,WAT
133,RES,W,445,WAT
63,RES,R,139,RES
162,RES,W,407,WAT
136,RES,R,165,RES
140,RES,R,169,RES
193,RES,W,472,WAT
200,RES,W,436,WAT
127,RES,R,133,RES
142,RES,R,150,RES
12,RES,W,434,WAT
62,RES,R,85,RES
65,RES,R,139,RES
66,RES,R,89,RES
86,RES,R,111,RES
62,RES,R,87,RES
64,RES,R,89,RES
100,RES,W,438,WAT
88,RES,R,115,RES
163,RES,R,212,RES
138,RES,R,167,RES
33,RES,R,41,RES
82,RES,R,83,RES
106,RES,R,107,RES
141,RES,R,170,RES
141,RES,S,302,SUB
158,RES,R,159,RES
174,RES,R,175,RES
175,RES,R,176,RES
183,RES,R,303,K
210,RES,R,211,RES
64,RES,W,403,WAT
72,RES,W,403,WAT
144,RES,W,404,WAT
134,RES,W,408,WAT
190,RES,W,409,WAT
192,RES,W,409,WAT
169,RES,W,411,WAT
302,SUB,W,411,WAT
155,RES,W,412,WAT
145,RES,W,415,WAT
152,RES,W,417,WAT
6,RES,W,422,WAT
123,RES,W,429,WAT
24,RES,W,435,WAT
100,RES,W,437,WAT
110,RES,W,439,WAT
198,RES,W,443,WAT
32,RES,W,444,WAT
134,RES,W,445,WAT
55,RES,W,447,WAT
79,RES,W,448,WAT
121,RES,W,452,WAT
195,RES,W,454,WAT
60,RES,W,455,WAT
83,RES,W,455,WAT
124,RES,W,456,WAT
301,SUB,W,458,WAT
208,RES,W,463,WAT
190,RES,W,473,WAT
93,RES,W,474,WAT
14,RES,W,475,WAT
17,RES,W,475,WAT
95,RES,W,484,WAT
58,RES,W,488,WAT
80,RES,W,489,WAT
133,RES,W,490,WAT
3,RES,W,503,WAT
109,RES,W,507,WAT
301,SUB,W,402,WAT
136,RES,W,408,WAT
40,RES,W,411,WAT
42,RES,W,413,WAT
33,RES,W,416,WAT
45,RES,W,419,WAT
121,RES,W,430,WAT
59,RES,W,432,WAT
158,RES,W,465,WAT
94,RES,W,477,WAT
171,RES,W,478,WAT
196,RES,W,481,WAT
195,RES,W,493,WAT
107,RES,W,502,WAT
112,RES,W,507,WAT
169,RES,S,300,MG
170,RES,S,300,MG
300,MG,W,411,WAT
